{
  "time_slides": 260.0827147960663,
  "token_slides": 37605,
  "time_script": 209.63993978500366,
  "token_script": 31054,
  "time_assessment": 125.10459065437317,
  "token_assessment": 20153
}