{
  "time_slides": 155.26086378097534,
  "token_slides": 36721,
  "time_script": 111.64214563369751,
  "token_script": 23993,
  "time_assessment": 85.7802369594574,
  "token_assessment": 16808
}