{
  "time_slides": 260.18226051330566,
  "token_slides": 68573,
  "time_script": 195.44662022590637,
  "token_script": 53366,
  "time_assessment": 124.33481073379517,
  "token_assessment": 36222
}