{
  "time_slides": 450.652090549469,
  "token_slides": 68280,
  "time_script": 356.9157681465149,
  "token_script": 53244,
  "time_assessment": 249.17118859291077,
  "token_assessment": 36900
}