{
  "time_slides": 157.45261359214783,
  "token_slides": 39661,
  "time_script": 97.52948522567749,
  "token_script": 26756,
  "time_assessment": 74.00169610977173,
  "token_assessment": 18456
}