{
  "time_slides": 354.50392270088196,
  "token_slides": 68714,
  "time_script": 267.6664969921112,
  "token_script": 53158,
  "time_assessment": 179.65249013900757,
  "token_assessment": 37405
}