{
  "time_slides": 212.320805311203,
  "token_slides": 52473,
  "time_script": 135.13334918022156,
  "token_script": 36958,
  "time_assessment": 109.5442304611206,
  "token_assessment": 25997
}