{
  "time_slides": 292.3692693710327,
  "token_slides": 41958,
  "time_script": 209.58977127075195,
  "token_script": 28138,
  "time_assessment": 173.598126411438,
  "token_assessment": 20393
}