{
  "time_slides": 269.4842071533203,
  "token_slides": 65125,
  "time_script": 196.33305764198303,
  "token_script": 49437,
  "time_assessment": 134.7407500743866,
  "token_assessment": 35001
}