{
  "time_slides": 286.18057203292847,
  "token_slides": 71526,
  "time_script": 197.2190752029419,
  "token_script": 54924,
  "time_assessment": 137.17662453651428,
  "token_assessment": 37829
}