{
  "time_slides": 486.4374315738678,
  "token_slides": 64514,
  "time_script": 354.78691124916077,
  "token_script": 52228,
  "time_assessment": 224.25514316558838,
  "token_assessment": 34396
}