{
  "time_slides": 263.0804634094238,
  "token_slides": 36721,
  "time_script": 173.28190279006958,
  "token_script": 28347,
  "time_assessment": 131.10293912887573,
  "token_assessment": 19629
}