{
  "time_slides": 151.9880759716034,
  "token_slides": 41899,
  "time_script": 110.00724601745605,
  "token_script": 28906,
  "time_assessment": 75.28428268432617,
  "token_assessment": 20187
}