{
  "time_slides": 493.4746325016022,
  "token_slides": 63784,
  "time_script": 353.9740297794342,
  "token_script": 51706,
  "time_assessment": 237.9487965106964,
  "token_assessment": 34526
}