{
  "time_slides": 335.8327810764313,
  "token_slides": 44178,
  "time_script": 198.98874711990356,
  "token_script": 29723,
  "time_assessment": 144.7668228149414,
  "token_assessment": 20513
}