{
  "time_slides": 255.59344363212585,
  "token_slides": 39282,
  "time_script": 212.57640385627747,
  "token_script": 31150,
  "time_assessment": 140.56720805168152,
  "token_assessment": 21521
}