{
  "time_slides": 213.76591897010803,
  "token_slides": 52821,
  "time_script": 156.65299439430237,
  "token_script": 39220,
  "time_assessment": 100.27218222618103,
  "token_assessment": 25927
}