{
  "time_slides": 458.24290227890015,
  "token_slides": 66024,
  "time_script": 335.6594924926758,
  "token_script": 49618,
  "time_assessment": 247.2610046863556,
  "token_assessment": 36670
}