{
  "time_slides": 228.73004508018494,
  "token_slides": 53514,
  "time_script": 176.02317333221436,
  "token_script": 36519,
  "time_assessment": 103.91505551338196,
  "token_assessment": 25047
}