{
  "time_slides": 248.22420978546143,
  "token_slides": 57944,
  "time_script": 167.53181099891663,
  "token_script": 39673,
  "time_assessment": 112.41741347312927,
  "token_assessment": 28624
}