{
  "time_slides": 276.3313660621643,
  "token_slides": 65069,
  "time_script": 188.1390826702118,
  "token_script": 46751,
  "time_assessment": 127.94996404647827,
  "token_assessment": 31464
}