{
  "time_slides": 188.02344226837158,
  "token_slides": 49826,
  "time_script": 160.10235905647278,
  "token_script": 34010,
  "time_assessment": 94.71617126464844,
  "token_assessment": 23859
}