{
  "time_slides": 271.73361372947693,
  "token_slides": 61697,
  "time_script": 173.57337403297424,
  "token_script": 43168,
  "time_assessment": 117.08963465690613,
  "token_assessment": 29876
}