{
  "time_slides": 336.47804713249207,
  "token_slides": 74644,
  "time_script": 267.0974352359772,
  "token_script": 57438,
  "time_assessment": 145.55913138389587,
  "token_assessment": 36879
}