{
  "time_slides": 328.798485994339,
  "token_slides": 73020,
  "time_script": 215.33358812332153,
  "token_script": 53426,
  "time_assessment": 133.06140851974487,
  "token_assessment": 36294
}