{
  "time_slides": 185.1895866394043,
  "token_slides": 48740,
  "time_script": 133.5555329322815,
  "token_script": 32440,
  "time_assessment": 99.46059536933899,
  "token_assessment": 23985
}