{
  "time_slides": 220.80694317817688,
  "token_slides": 53117,
  "time_script": 156.2868549823761,
  "token_script": 36660,
  "time_assessment": 94.27899122238159,
  "token_assessment": 25035
}