{
  "time_slides": 254.72366905212402,
  "token_slides": 59502,
  "time_script": 193.05817532539368,
  "token_script": 43482,
  "time_assessment": 118.77698969841003,
  "token_assessment": 29111
}