{
  "time_slides": 260.44500207901,
  "token_slides": 62124,
  "time_script": 178.48195672035217,
  "token_script": 42959,
  "time_assessment": 116.83716225624084,
  "token_assessment": 30372
}