{
  "time_slides": 217.59423804283142,
  "token_slides": 56972,
  "time_script": 163.7798376083374,
  "token_script": 39222,
  "time_assessment": 108.84758615493774,
  "token_assessment": 27808
}