{
  "time_slides": 176.65391516685486,
  "token_slides": 48176,
  "time_script": 134.04848670959473,
  "token_script": 30900,
  "time_assessment": 95.68281984329224,
  "token_assessment": 23204
}