{
  "time_slides": 304.1157612800598,
  "token_slides": 71805,
  "time_script": 233.85369324684143,
  "token_script": 53345,
  "time_assessment": 142.67862343788147,
  "token_assessment": 37193
}