{
  "time_slides": 402.387060880661,
  "token_slides": 56149,
  "time_script": 284.2814018726349,
  "token_script": 43676,
  "time_assessment": 222.2321605682373,
  "token_assessment": 30940
}