{
  "time_slides": 334.922146320343,
  "token_slides": 46043,
  "time_script": 273.477420091629,
  "token_script": 31078,
  "time_assessment": 157.98822903633118,
  "token_assessment": 22203
}