{
  "time_slides": 326.31965041160583,
  "token_slides": 54033,
  "time_script": 234.57269501686096,
  "token_script": 39527,
  "time_assessment": 161.55311489105225,
  "token_assessment": 27422
}