{
  "time_slides": 312.69005370140076,
  "token_slides": 47854,
  "time_script": 218.1238498687744,
  "token_script": 33762,
  "time_assessment": 154.0241096019745,
  "token_assessment": 23182
}