{
  "time_slides": 388.5959413051605,
  "token_slides": 55488,
  "time_script": 281.41022086143494,
  "token_script": 41204,
  "time_assessment": 194.20365142822266,
  "token_assessment": 26009
}