{
  "time_slides": 376.49159932136536,
  "token_slides": 56981,
  "time_script": 266.470094203949,
  "token_script": 42775,
  "time_assessment": 169.72428274154663,
  "token_assessment": 28442
}