{
  "time_slides": 304.1050639152527,
  "token_slides": 44704,
  "time_script": 214.6261501312256,
  "token_script": 29768,
  "time_assessment": 147.89485549926758,
  "token_assessment": 21870
}