{
  "time_slides": 423.5107181072235,
  "token_slides": 64987,
  "time_script": 293.6047577857971,
  "token_script": 48926,
  "time_assessment": 199.75982666015625,
  "token_assessment": 33459
}