{
  "time_slides": 419.14098834991455,
  "token_slides": 49155,
  "time_script": 243.459392786026,
  "token_script": 34781,
  "time_assessment": 192.14872527122498,
  "token_assessment": 23761
}