{
  "time_slides": 333.54874181747437,
  "token_slides": 46497,
  "time_script": 198.03439712524414,
  "token_script": 30327,
  "time_assessment": 168.68923020362854,
  "token_assessment": 22394
}