{
  "time_slides": 364.64454102516174,
  "token_slides": 53660,
  "time_script": 235.68473863601685,
  "token_script": 38494,
  "time_assessment": 180.64192700386047,
  "token_assessment": 26544
}