{
  "time_slides": 432.21831154823303,
  "token_slides": 65096,
  "time_script": 332.47898960113525,
  "token_script": 49633,
  "time_assessment": 202.5567045211792,
  "token_assessment": 33430
}