{
  "time_slides": 373.35372138023376,
  "token_slides": 57468,
  "time_script": 282.6855356693268,
  "token_script": 42701,
  "time_assessment": 189.94775414466858,
  "token_assessment": 29554
}