{
  "time_slides": 272.17256569862366,
  "token_slides": 44044,
  "time_script": 194.41126823425293,
  "token_script": 29304,
  "time_assessment": 151.16301727294922,
  "token_assessment": 22416
}