{
  "time_slides": 389.0128161907196,
  "token_slides": 47523,
  "time_script": 252.55347275733948,
  "token_script": 32786,
  "time_assessment": 153.44500017166138,
  "token_assessment": 22304
}