{
  "time_slides": 295.3618280887604,
  "token_slides": 45485,
  "time_script": 236.12628555297852,
  "token_script": 31940,
  "time_assessment": 128.94695043563843,
  "token_assessment": 21081
}