{
  "time_slides": 194.24247670173645,
  "token_slides": 37384,
  "time_script": 157.64693546295166,
  "token_script": 25273,
  "time_assessment": 109.97723841667175,
  "token_assessment": 17592
}