{
  "time_slides": 546.8774020671844,
  "token_slides": 65226,
  "time_script": 394.18783020973206,
  "token_script": 51497,
  "time_assessment": 262.8247141838074,
  "token_assessment": 34627
}