{
  "time_slides": 498.57526326179504,
  "token_slides": 60984,
  "time_script": 332.6362216472626,
  "token_script": 48286,
  "time_assessment": 257.72077560424805,
  "token_assessment": 32249
}