{
  "time_slides": 559.2128937244415,
  "token_slides": 71876,
  "time_script": 404.9327325820923,
  "token_script": 54206,
  "time_assessment": 263.25586009025574,
  "token_assessment": 38213
}