{
  "time_slides": 498.0857093334198,
  "token_slides": 70678,
  "time_script": 363.41321420669556,
  "token_script": 53526,
  "time_assessment": 247.52362513542175,
  "token_assessment": 38022
}