{
  "time_slides": 539.660890340805,
  "token_slides": 61569,
  "time_script": 405.8570408821106,
  "token_script": 50725,
  "time_assessment": 244.1922345161438,
  "token_assessment": 32153
}