{
  "time_slides": 641.043529510498,
  "token_slides": 72863,
  "time_script": 462.63335037231445,
  "token_script": 54212,
  "time_assessment": 283.1881446838379,
  "token_assessment": 38036
}