{
  "time_slides": 514.2031965255737,
  "token_slides": 70821,
  "time_script": 366.6034688949585,
  "token_script": 54465,
  "time_assessment": 255.78761863708496,
  "token_assessment": 37956
}