{
  "time_slides": 474.74127674102783,
  "token_slides": 64232,
  "time_script": 356.96467089653015,
  "token_script": 53852,
  "time_assessment": 219.3805468082428,
  "token_assessment": 34712
}