{
  "time_slides": 521.4532444477081,
  "token_slides": 71036,
  "time_script": 352.0988440513611,
  "token_script": 54545,
  "time_assessment": 249.1291081905365,
  "token_assessment": 37741
}