{
  "time_slides": 432.7917172908783,
  "token_slides": 66362,
  "time_script": 328.0647032260895,
  "token_script": 49139,
  "time_assessment": 221.59001445770264,
  "token_assessment": 35578
}