{
  "time_slides": 516.1473908424377,
  "token_slides": 71689,
  "time_script": 366.4775471687317,
  "token_script": 55831,
  "time_assessment": 234.1211564540863,
  "token_assessment": 36738
}