{
  "time_slides": 550.9199488162994,
  "token_slides": 71882,
  "time_script": 379.6599349975586,
  "token_script": 53966,
  "time_assessment": 267.68076515197754,
  "token_assessment": 38059
}