{
  "time_slides": 432.68133521080017,
  "token_slides": 62420,
  "time_script": 301.6847593784332,
  "token_script": 49615,
  "time_assessment": 219.5363175868988,
  "token_assessment": 34090
}