{
  "time_slides": 494.81354880332947,
  "token_slides": 64039,
  "time_script": 335.6587371826172,
  "token_script": 49865,
  "time_assessment": 211.77851724624634,
  "token_assessment": 33714
}