{
  "time_slides": 421.9115056991577,
  "token_slides": 59372,
  "time_script": 336.8294208049774,
  "token_script": 46397,
  "time_assessment": 218.75160336494446,
  "token_assessment": 32595
}