{
  "time_slides": 469.468297958374,
  "token_slides": 69019,
  "time_script": 328.08454155921936,
  "token_script": 52352,
  "time_assessment": 217.25896787643433,
  "token_assessment": 36043
}