{
  "time_slides": 523.7623128890991,
  "token_slides": 65851,
  "time_script": 411.4604058265686,
  "token_script": 53821,
  "time_assessment": 252.3072865009308,
  "token_assessment": 36127
}