{
  "time_slides": 503.5249545574188,
  "token_slides": 72288,
  "time_script": 340.2239685058594,
  "token_script": 56100,
  "time_assessment": 203.38159847259521,
  "token_assessment": 38466
}