{
  "time_slides": 190.67007422447205,
  "token_slides": 33646,
  "time_script": 165.5568823814392,
  "token_script": 20394,
  "time_assessment": 119.1249635219574,
  "token_assessment": 15776
}