{
  "time_slides": 210.32805466651917,
  "token_slides": 52927,
  "time_script": 170.92920064926147,
  "token_script": 39638,
  "time_assessment": 91.71655702590942,
  "token_assessment": 27151
}