{
  "time_slides": 544.0916836261749,
  "token_slides": 72823,
  "time_script": 366.0569477081299,
  "token_script": 55732,
  "time_assessment": 231.9171826839447,
  "token_assessment": 37495
}