{
  "time_slides": 256.88148260116577,
  "token_slides": 37257,
  "time_script": 204.00071835517883,
  "token_script": 29502,
  "time_assessment": 135.68394351005554,
  "token_assessment": 20823
}