{
  "time_slides": 237.41195130348206,
  "token_slides": 57418,
  "time_script": 180.66113114356995,
  "token_script": 44729,
  "time_assessment": 112.13363790512085,
  "token_assessment": 29618
}