{
  "time_slides": 302.333247423172,
  "token_slides": 40956,
  "time_script": 231.56401562690735,
  "token_script": 32536,
  "time_assessment": 150.41436290740967,
  "token_assessment": 21763
}