{
  "time_slides": 329.59355902671814,
  "token_slides": 64131,
  "time_script": 244.66883492469788,
  "token_script": 49147,
  "time_assessment": 165.96308159828186,
  "token_assessment": 34760
}