{
  "time_slides": 261.5872628688812,
  "token_slides": 39009,
  "time_script": 182.05265879631042,
  "token_script": 31529,
  "time_assessment": 149.14684295654297,
  "token_assessment": 21634
}