{
  "time_slides": 452.20128870010376,
  "token_slides": 56772,
  "time_script": 302.35521245002747,
  "token_script": 42329,
  "time_assessment": 190.36571764945984,
  "token_assessment": 28254
}