{
  "time_slides": 243.11610198020935,
  "token_slides": 44093,
  "time_script": 168.88596153259277,
  "token_script": 29794,
  "time_assessment": 137.10907316207886,
  "token_assessment": 22339
}