{
  "time_slides": 242.51260375976562,
  "token_slides": 36908,
  "time_script": 187.29127478599548,
  "token_script": 29299,
  "time_assessment": 124.8590714931488,
  "token_assessment": 20429
}