{
  "time_slides": 466.3129403591156,
  "token_slides": 59305,
  "time_script": 324.3828399181366,
  "token_script": 46133,
  "time_assessment": 211.56928420066833,
  "token_assessment": 31893
}