{
  "time_slides": 481.7179205417633,
  "token_slides": 64567,
  "time_script": 377.45891976356506,
  "token_script": 52226,
  "time_assessment": 239.46082711219788,
  "token_assessment": 35001
}