{
  "time_slides": 524.8002967834473,
  "token_slides": 66309,
  "time_script": 361.32231998443604,
  "token_script": 53399,
  "time_assessment": 238.28361582756042,
  "token_assessment": 35032
}