{
  "time_slides": 395.62173891067505,
  "token_slides": 57614,
  "time_script": 297.93667674064636,
  "token_script": 45288,
  "time_assessment": 205.63186073303223,
  "token_assessment": 31464
}