{
  "time_slides": 436.68664813041687,
  "token_slides": 65190,
  "time_script": 290.7229371070862,
  "token_script": 53631,
  "time_assessment": 220.13618326187134,
  "token_assessment": 35612
}