{
  "time_slides": 450.2044928073883,
  "token_slides": 64882,
  "time_script": 338.25559759140015,
  "token_script": 52875,
  "time_assessment": 210.428071975708,
  "token_assessment": 34393
}