{
  "time_slides": 671.9089014530182,
  "token_slides": 64077,
  "time_script": 502.5830657482147,
  "token_script": 51746,
  "time_assessment": 328.8556888103485,
  "token_assessment": 33496
}