{
  "time_slides": 479.3001899719238,
  "token_slides": 60088,
  "time_script": 396.39811158180237,
  "token_script": 47569,
  "time_assessment": 270.7648196220398,
  "token_assessment": 32985
}