{
  "time_slides": 427.9393484592438,
  "token_slides": 57942,
  "time_script": 314.18441796302795,
  "token_script": 45331,
  "time_assessment": 239.19312715530396,
  "token_assessment": 31746
}