{
  "time_slides": 484.80928230285645,
  "token_slides": 64484,
  "time_script": 388.2380654811859,
  "token_script": 52715,
  "time_assessment": 236.5810489654541,
  "token_assessment": 34494
}