{
  "time_slides": 386.7463595867157,
  "token_slides": 63960,
  "time_script": 281.23932433128357,
  "token_script": 52067,
  "time_assessment": 181.22959566116333,
  "token_assessment": 34765
}