{
  "time_slides": 529.2636444568634,
  "token_slides": 64073,
  "time_script": 356.6762909889221,
  "token_script": 51867,
  "time_assessment": 240.99962997436523,
  "token_assessment": 34951
}