{
  "time_slides": 373.8955271244049,
  "token_slides": 63007,
  "time_script": 283.3601076602936,
  "token_script": 50728,
  "time_assessment": 184.52747750282288,
  "token_assessment": 34187
}