{
  "time_slides": 432.34603095054626,
  "token_slides": 61993,
  "time_script": 312.2000036239624,
  "token_script": 50783,
  "time_assessment": 196.37401342391968,
  "token_assessment": 33747
}