{
  "time_slides": 494.26661014556885,
  "token_slides": 60990,
  "time_script": 357.70595240592957,
  "token_script": 48626,
  "time_assessment": 243.06646633148193,
  "token_assessment": 33361
}