{
  "time_slides": 440.0880904197693,
  "token_slides": 62258,
  "time_script": 335.6187515258789,
  "token_script": 51213,
  "time_assessment": 213.8076798915863,
  "token_assessment": 34320
}