{
  "time_slides": 307.7814772129059,
  "token_slides": 64193,
  "time_script": 187.94185638427734,
  "token_script": 48555,
  "time_assessment": 130.21522998809814,
  "token_assessment": 33943
}