{
  "time_slides": 303.6209189891815,
  "token_slides": 68029,
  "time_script": 218.37379837036133,
  "token_script": 53357,
  "time_assessment": 145.55769562721252,
  "token_assessment": 37617
}