{
  "time_slides": 306.0835464000702,
  "token_slides": 66469,
  "time_script": 219.65834403038025,
  "token_script": 52254,
  "time_assessment": 153.75797367095947,
  "token_assessment": 37393
}