{
  "time_slides": 312.6179795265198,
  "token_slides": 69679,
  "time_script": 222.09200859069824,
  "token_script": 54639,
  "time_assessment": 149.41970109939575,
  "token_assessment": 37571
}