{
  "time_slides": 308.699565410614,
  "token_slides": 69164,
  "time_script": 214.35768508911133,
  "token_script": 53173,
  "time_assessment": 151.71653580665588,
  "token_assessment": 37626
}