{
  "time_slides": 286.4918375015259,
  "token_slides": 67548,
  "time_script": 210.4660620689392,
  "token_script": 53630,
  "time_assessment": 125.15442132949829,
  "token_assessment": 35639
}