{
  "time_slides": 274.53884983062744,
  "token_slides": 65882,
  "time_script": 206.64713716506958,
  "token_script": 51691,
  "time_assessment": 133.36876368522644,
  "token_assessment": 34855
}