{
  "time_slides": 310.73099184036255,
  "token_slides": 66831,
  "time_script": 216.45865964889526,
  "token_script": 52608,
  "time_assessment": 152.86343502998352,
  "token_assessment": 35346
}