{
  "time_slides": 329.07583451271057,
  "token_slides": 69933,
  "time_script": 242.7143201828003,
  "token_script": 56003,
  "time_assessment": 160.32215690612793,
  "token_assessment": 38220
}