{
  "time_slides": 284.4343569278717,
  "token_slides": 68108,
  "time_script": 234.2258951663971,
  "token_script": 54710,
  "time_assessment": 149.66644406318665,
  "token_assessment": 37578
}