{
  "time_slides": 334.78820538520813,
  "token_slides": 69013,
  "time_script": 233.9819746017456,
  "token_script": 54974,
  "time_assessment": 153.2322313785553,
  "token_assessment": 37267
}