{
  "time_slides": 326.85149455070496,
  "token_slides": 69048,
  "time_script": 254.38216853141785,
  "token_script": 56251,
  "time_assessment": 148.47402572631836,
  "token_assessment": 36358
}