{
  "time_slides": 277.43997716903687,
  "token_slides": 65513,
  "time_script": 200.51050734519958,
  "token_script": 50433,
  "time_assessment": 142.79018688201904,
  "token_assessment": 35971
}