{
  "time_slides": 57.43008899688721,
  "token_slides": 20477,
  "time_script": 46.46791458129883,
  "token_script": 10077,
  "time_assessment": 25.935538291931152,
  "token_assessment": 7636
}