{
  "time_slides": 343.7098331451416,
  "token_slides": 68805,
  "time_script": 231.46228909492493,
  "token_script": 53952,
  "time_assessment": 163.1912887096405,
  "token_assessment": 37099
}