{
  "time_slides": 291.16656470298767,
  "token_slides": 67743,
  "time_script": 200.75578594207764,
  "token_script": 53694,
  "time_assessment": 138.25900888442993,
  "token_assessment": 36576
}