{
  "time_slides": 533.0765776634216,
  "token_slides": 66901,
  "time_script": 359.1884663105011,
  "token_script": 53780,
  "time_assessment": 230.5883276462555,
  "token_assessment": 35412
}