{
  "time_slides": 161.21374487876892,
  "token_slides": 41814,
  "time_script": 118.87024688720703,
  "token_script": 29497,
  "time_assessment": 79.3233814239502,
  "token_assessment": 20340
}