{
  "time_slides": 444.6947937011719,
  "token_slides": 65118,
  "time_script": 333.9276144504547,
  "token_script": 53510,
  "time_assessment": 222.2518653869629,
  "token_assessment": 35648
}