{
  "time_slides": 401.6831829547882,
  "token_slides": 65535,
  "time_script": 271.6809344291687,
  "token_script": 53466,
  "time_assessment": 175.2104470729828,
  "token_assessment": 35149
}