{
  "time_slides": 418.6458275318146,
  "token_slides": 64566,
  "time_script": 283.7903861999512,
  "token_script": 52215,
  "time_assessment": 222.88283276557922,
  "token_assessment": 33900
}