{
  "time_slides": 391.11471819877625,
  "token_slides": 64264,
  "time_script": 299.9524848461151,
  "token_script": 52451,
  "time_assessment": 181.28423690795898,
  "token_assessment": 34506
}