{
  "time_slides": 436.09516191482544,
  "token_slides": 61861,
  "time_script": 345.20913195610046,
  "token_script": 48563,
  "time_assessment": 221.53560042381287,
  "token_assessment": 34641
}