{
  "time_slides": 374.8842222690582,
  "token_slides": 61081,
  "time_script": 252.20688676834106,
  "token_script": 48911,
  "time_assessment": 185.67129135131836,
  "token_assessment": 32635
}