{
  "time_slides": 356.517076253891,
  "token_slides": 59198,
  "time_script": 274.30549025535583,
  "token_script": 47424,
  "time_assessment": 195.56566047668457,
  "token_assessment": 32722
}