{
  "time_slides": 440.6943359375,
  "token_slides": 64293,
  "time_script": 313.6046209335327,
  "token_script": 52261,
  "time_assessment": 211.29551124572754,
  "token_assessment": 34762
}