{
  "time_slides": 438.1025083065033,
  "token_slides": 61536,
  "time_script": 318.10026454925537,
  "token_script": 49550,
  "time_assessment": 245.15832662582397,
  "token_assessment": 34250
}