{
  "time_slides": 477.5966534614563,
  "token_slides": 63221,
  "time_script": 327.0816397666931,
  "token_script": 49882,
  "time_assessment": 224.40920495986938,
  "token_assessment": 34204
}