{
  "time_slides": 435.6977379322052,
  "token_slides": 64698,
  "time_script": 306.3004455566406,
  "token_script": 50692,
  "time_assessment": 215.07724356651306,
  "token_assessment": 35832
}