{
  "time_slides": 478.784548997879,
  "token_slides": 61197,
  "time_script": 367.5098400115967,
  "token_script": 48980,
  "time_assessment": 236.41809391975403,
  "token_assessment": 33223
}