{
  "time_slides": 476.20608592033386,
  "token_slides": 61908,
  "time_script": 334.07015442848206,
  "token_script": 49723,
  "time_assessment": 234.00421929359436,
  "token_assessment": 33030
}