{
  "time_slides": 435.8372664451599,
  "token_slides": 61049,
  "time_script": 305.06283044815063,
  "token_script": 48923,
  "time_assessment": 199.07625937461853,
  "token_assessment": 33437
}