{
  "time_slides": 371.3079905509949,
  "token_slides": 60434,
  "time_script": 265.0925340652466,
  "token_script": 49064,
  "time_assessment": 179.69925999641418,
  "token_assessment": 32625
}