{
  "time_slides": 402.50646209716797,
  "token_slides": 59307,
  "time_script": 275.57743287086487,
  "token_script": 45833,
  "time_assessment": 191.756982088089,
  "token_assessment": 32503
}