{
  "time_slides": 527.9373240470886,
  "token_slides": 63971,
  "time_script": 372.6799998283386,
  "token_script": 52817,
  "time_assessment": 231.4521565437317,
  "token_assessment": 33649
}