{
  "time_slides": 220.92569065093994,
  "token_slides": 52977,
  "time_script": 154.65088748931885,
  "token_script": 36848,
  "time_assessment": 113.12221813201904,
  "token_assessment": 26320
}