{
  "time_slides": 418.91517972946167,
  "token_slides": 57534,
  "time_script": 308.7216989994049,
  "token_script": 46777,
  "time_assessment": 223.73563528060913,
  "token_assessment": 32278
}