{
  "time_slides": 206.36160159111023,
  "token_slides": 51877,
  "time_script": 136.34329175949097,
  "token_script": 35742,
  "time_assessment": 89.09576869010925,
  "token_assessment": 24378
}