{
  "time_slides": 509.43365597724915,
  "token_slides": 61938,
  "time_script": 350.43576979637146,
  "token_script": 50342,
  "time_assessment": 255.3030149936676,
  "token_assessment": 33958
}