{
  "time_slides": 302.6160509586334,
  "token_slides": 39638,
  "time_script": 207.20782446861267,
  "token_script": 32988,
  "time_assessment": 146.0437490940094,
  "token_assessment": 20749
}