{
  "time_slides": 257.6832962036133,
  "token_slides": 38772,
  "time_script": 209.80835247039795,
  "token_script": 31772,
  "time_assessment": 146.9491548538208,
  "token_assessment": 21365
}