{
  "time_slides": 313.95874547958374,
  "token_slides": 70425,
  "time_script": 200.16472458839417,
  "token_script": 53496,
  "time_assessment": 148.78575205802917,
  "token_assessment": 37087
}