{
  "time_slides": 467.06573963165283,
  "token_slides": 70935,
  "time_script": 323.0417377948761,
  "token_script": 53428,
  "time_assessment": 237.3084638118744,
  "token_assessment": 37320
}