{
  "time_slides": 216.46697664260864,
  "token_slides": 48777,
  "time_script": 152.80624127388,
  "token_script": 35524,
  "time_assessment": 107.67323136329651,
  "token_assessment": 24646
}