{
  "time_slides": 190.91241312026978,
  "token_slides": 37688,
  "time_script": 153.20188689231873,
  "token_script": 26024,
  "time_assessment": 104.92310667037964,
  "token_assessment": 18227
}