{
  "time_slides": 333.47621035575867,
  "token_slides": 70990,
  "time_script": 240.64768862724304,
  "token_script": 54018,
  "time_assessment": 187.10231590270996,
  "token_assessment": 37537
}