{
  "time_slides": 333.66770696640015,
  "token_slides": 40501,
  "time_script": 248.60408115386963,
  "token_script": 32930,
  "time_assessment": 148.10750150680542,
  "token_assessment": 20843
}