{
  "time_slides": 238.17087745666504,
  "token_slides": 56520,
  "time_script": 184.28474187850952,
  "token_script": 41380,
  "time_assessment": 113.98628258705139,
  "token_assessment": 26756
}