{
  "time_slides": 328.3244605064392,
  "token_slides": 71034,
  "time_script": 223.0689742565155,
  "token_script": 54679,
  "time_assessment": 147.0440537929535,
  "token_assessment": 36288
}