{
  "time_slides": 249.9905288219452,
  "token_slides": 62409,
  "time_script": 172.82851004600525,
  "token_script": 47151,
  "time_assessment": 119.74752068519592,
  "token_assessment": 32164
}