{
  "time_slides": 285.08045530319214,
  "token_slides": 59877,
  "time_script": 204.57301211357117,
  "token_script": 44757,
  "time_assessment": 140.31279921531677,
  "token_assessment": 29428
}