{
  "time_slides": 226.6599156856537,
  "token_slides": 47828,
  "time_script": 155.04001116752625,
  "token_script": 33129,
  "time_assessment": 116.54679799079895,
  "token_assessment": 21791
}