{
  "time_slides": 280.02681136131287,
  "token_slides": 60081,
  "time_script": 208.53473114967346,
  "token_script": 46089,
  "time_assessment": 127.46944785118103,
  "token_assessment": 30523
}