{
  "time_slides": 271.80594301223755,
  "token_slides": 58047,
  "time_script": 189.58072352409363,
  "token_script": 43254,
  "time_assessment": 168.0487401485443,
  "token_assessment": 30798
}