{
  "time_slides": 254.94374799728394,
  "token_slides": 55281,
  "time_script": 171.84335660934448,
  "token_script": 40979,
  "time_assessment": 122.68227362632751,
  "token_assessment": 28426
}