{
  "time_slides": 187.24333810806274,
  "token_slides": 51607,
  "time_script": 131.8892252445221,
  "token_script": 37816,
  "time_assessment": 81.2868926525116,
  "token_assessment": 24995
}