{
  "time_slides": 235.1410939693451,
  "token_slides": 49273,
  "time_script": 148.5288474559784,
  "token_script": 33983,
  "time_assessment": 94.02237272262573,
  "token_assessment": 22765
}