{
  "time_slides": 182.31219267845154,
  "token_slides": 48089,
  "time_script": 135.07124829292297,
  "token_script": 34530,
  "time_assessment": 79.10143947601318,
  "token_assessment": 22620
}