{
  "time_slides": 243.20639657974243,
  "token_slides": 56430,
  "time_script": 175.40323948860168,
  "token_script": 41720,
  "time_assessment": 117.71073579788208,
  "token_assessment": 28746
}