{
  "time_slides": 191.1516170501709,
  "token_slides": 44674,
  "time_script": 130.62600016593933,
  "token_script": 30593,
  "time_assessment": 100.5050094127655,
  "token_assessment": 22130
}