{
  "time_slides": 217.068457365036,
  "token_slides": 50063,
  "time_script": 142.10466623306274,
  "token_script": 36258,
  "time_assessment": 98.30387759208679,
  "token_assessment": 24287
}