{
  "time_slides": 191.97547054290771,
  "token_slides": 39338,
  "time_script": 119.4607150554657,
  "token_script": 25646,
  "time_assessment": 81.99260687828064,
  "token_assessment": 17987
}