{
  "time_slides": 487.1711232662201,
  "token_slides": 69247,
  "time_script": 332.0354940891266,
  "token_script": 52220,
  "time_assessment": 256.3194875717163,
  "token_assessment": 38027
}