{
  "time_slides": 223.5786190032959,
  "token_slides": 54420,
  "time_script": 168.51296949386597,
  "token_script": 40395,
  "time_assessment": 105.18040943145752,
  "token_assessment": 27363
}