{
  "time_slides": 247.236554145813,
  "token_slides": 63808,
  "time_script": 179.14233088493347,
  "token_script": 44502,
  "time_assessment": 110.91922330856323,
  "token_assessment": 30841
}