{
  "time_slides": 323.82818937301636,
  "token_slides": 37486,
  "time_script": 205.61486315727234,
  "token_script": 28814,
  "time_assessment": 146.60985684394836,
  "token_assessment": 20812
}