{
  "time_slides": 382.38460397720337,
  "token_slides": 72018,
  "time_script": 256.73915910720825,
  "token_script": 55422,
  "time_assessment": 169.1062421798706,
  "token_assessment": 37491
}