{
  "time_slides": 198.18459582328796,
  "token_slides": 49301,
  "time_script": 134.08056163787842,
  "token_script": 34834,
  "time_assessment": 86.68731451034546,
  "token_assessment": 23202
}