{
  "time_slides": 445.0637307167053,
  "token_slides": 67858,
  "time_script": 360.9631426334381,
  "token_script": 51182,
  "time_assessment": 225.93315839767456,
  "token_assessment": 36503
}