{
  "time_slides": 526.6551883220673,
  "token_slides": 63821,
  "time_script": 387.92391896247864,
  "token_script": 51830,
  "time_assessment": 234.83390378952026,
  "token_assessment": 34804
}