{
  "time_slides": 234.32124066352844,
  "token_slides": 50839,
  "time_script": 178.23149824142456,
  "token_script": 36314,
  "time_assessment": 112.01408267021179,
  "token_assessment": 24941
}