{
  "time_slides": 199.65216898918152,
  "token_slides": 42208,
  "time_script": 122.77788209915161,
  "token_script": 28041,
  "time_assessment": 85.7439615726471,
  "token_assessment": 19996
}