{
  "time_slides": 150.1607689857483,
  "token_slides": 35078,
  "time_script": 97.26605296134949,
  "token_script": 21338,
  "time_assessment": 70.97088170051575,
  "token_assessment": 15908
}