{
  "time_slides": 272.7355992794037,
  "token_slides": 63751,
  "time_script": 196.49094915390015,
  "token_script": 48107,
  "time_assessment": 126.48156905174255,
  "token_assessment": 32982
}