{
  "time_slides": 166.46184301376343,
  "token_slides": 42919,
  "time_script": 117.55331587791443,
  "token_script": 28942,
  "time_assessment": 80.50340056419373,
  "token_assessment": 20467
}