{
  "time_slides": 467.32257318496704,
  "token_slides": 69809,
  "time_script": 335.35276198387146,
  "token_script": 52331,
  "time_assessment": 230.2123875617981,
  "token_assessment": 35396
}