{
  "time_slides": 285.6399624347687,
  "token_slides": 38523,
  "time_script": 185.96257734298706,
  "token_script": 30400,
  "time_assessment": 131.01319861412048,
  "token_assessment": 20058
}