{
  "time_slides": 249.66480708122253,
  "token_slides": 59817,
  "time_script": 183.16838097572327,
  "token_script": 42053,
  "time_assessment": 122.14198517799377,
  "token_assessment": 28709
}