{
  "time_slides": 314.81486892700195,
  "token_slides": 39804,
  "time_script": 215.81077766418457,
  "token_script": 31646,
  "time_assessment": 165.8925302028656,
  "token_assessment": 22031
}