{
  "time_slides": 283.02231454849243,
  "token_slides": 66364,
  "time_script": 217.1908473968506,
  "token_script": 50700,
  "time_assessment": 136.50675106048584,
  "token_assessment": 36093
}