{
  "time_slides": 222.1172103881836,
  "token_slides": 51176,
  "time_script": 143.29896712303162,
  "token_script": 36138,
  "time_assessment": 92.87459397315979,
  "token_assessment": 24511
}