{
  "time_slides": 357.6009032726288,
  "token_slides": 53056,
  "time_script": 262.4669201374054,
  "token_script": 39199,
  "time_assessment": 170.53737998008728,
  "token_assessment": 27104
}