{
  "time_slides": 313.3827178478241,
  "token_slides": 38829,
  "time_script": 227.43799448013306,
  "token_script": 32095,
  "time_assessment": 153.82894587516785,
  "token_assessment": 21052
}