{
  "time_slides": 309.77731943130493,
  "token_slides": 38248,
  "time_script": 210.0711534023285,
  "token_script": 30361,
  "time_assessment": 142.7363543510437,
  "token_assessment": 20667
}