{
  "time_slides": 160.3110842704773,
  "token_slides": 37210,
  "time_script": 104.54225778579712,
  "token_script": 23639,
  "time_assessment": 79.85169076919556,
  "token_assessment": 18039
}