{
  "time_slides": 243.1829912662506,
  "token_slides": 54726,
  "time_script": 166.90957760810852,
  "token_script": 39135,
  "time_assessment": 118.95923590660095,
  "token_assessment": 29581
}