{
  "time_slides": 143.46074318885803,
  "token_slides": 36625,
  "time_script": 104.29649543762207,
  "token_script": 23424,
  "time_assessment": 80.11311364173889,
  "token_assessment": 18133
}