{
  "time_slides": 183.80787420272827,
  "token_slides": 41610,
  "time_script": 130.68912529945374,
  "token_script": 28316,
  "time_assessment": 90.55679535865784,
  "token_assessment": 20906
}