{
  "time_slides": 227.37568616867065,
  "token_slides": 50025,
  "time_script": 176.31543517112732,
  "token_script": 36804,
  "time_assessment": 101.92508101463318,
  "token_assessment": 25242
}