{
  "time_slides": 203.76759552955627,
  "token_slides": 50639,
  "time_script": 164.61492085456848,
  "token_script": 37580,
  "time_assessment": 108.95208716392517,
  "token_assessment": 26757
}