{
  "time_slides": 197.6094207763672,
  "token_slides": 44902,
  "time_script": 140.39576148986816,
  "token_script": 30677,
  "time_assessment": 97.34165406227112,
  "token_assessment": 22832
}