{
  "time_slides": 291.11160945892334,
  "token_slides": 62514,
  "time_script": 188.45602822303772,
  "token_script": 46213,
  "time_assessment": 145.11059761047363,
  "token_assessment": 33893
}