{
  "time_slides": 243.2182445526123,
  "token_slides": 57658,
  "time_script": 175.4608290195465,
  "token_script": 41681,
  "time_assessment": 121.32074475288391,
  "token_assessment": 30033
}