{
  "time_slides": 201.4580216407776,
  "token_slides": 50113,
  "time_script": 150.60779929161072,
  "token_script": 36599,
  "time_assessment": 123.03980112075806,
  "token_assessment": 27212
}