{
  "time_slides": 248.73019862174988,
  "token_slides": 53809,
  "time_script": 178.9710295200348,
  "token_script": 40012,
  "time_assessment": 130.27077889442444,
  "token_assessment": 27515
}