{
  "time_slides": 286.49007749557495,
  "token_slides": 60626,
  "time_script": 200.57447242736816,
  "token_script": 46201,
  "time_assessment": 136.18432593345642,
  "token_assessment": 32291
}