{
  "time_slides": 174.93860054016113,
  "token_slides": 40642,
  "time_script": 133.23379230499268,
  "token_script": 27657,
  "time_assessment": 95.47262167930603,
  "token_assessment": 20572
}