{
  "time_slides": 223.11174154281616,
  "token_slides": 51663,
  "time_script": 166.50545740127563,
  "token_script": 37854,
  "time_assessment": 115.83865714073181,
  "token_assessment": 27180
}