{
  "time_slides": 76.80390238761902,
  "token_slides": 23030,
  "time_script": 42.76947498321533,
  "token_script": 10307,
  "time_assessment": 34.53539252281189,
  "token_assessment": 7519
}