{
  "time_slides": 462.3584032058716,
  "token_slides": 59548,
  "time_script": 336.4429552555084,
  "token_script": 48262,
  "time_assessment": 212.8854694366455,
  "token_assessment": 31278
}