{
  "time_slides": 282.51358556747437,
  "token_slides": 67706,
  "time_script": 209.4592559337616,
  "token_script": 52091,
  "time_assessment": 147.42589855194092,
  "token_assessment": 36539
}