{
  "time_slides": 317.1869795322418,
  "token_slides": 37805,
  "time_script": 234.3875629901886,
  "token_script": 30813,
  "time_assessment": 169.18885803222656,
  "token_assessment": 20850
}