{
  "time_slides": 530.9696440696716,
  "token_slides": 64083,
  "time_script": 365.81103920936584,
  "token_script": 52522,
  "time_assessment": 243.6247215270996,
  "token_assessment": 34553
}