{
  "time_slides": 183.2186861038208,
  "token_slides": 42620,
  "time_script": 142.22403812408447,
  "token_script": 29704,
  "time_assessment": 94.13686800003052,
  "token_assessment": 19532
}