{
  "time_slides": 503.8525333404541,
  "token_slides": 61738,
  "time_script": 369.11070370674133,
  "token_script": 51106,
  "time_assessment": 242.25232028961182,
  "token_assessment": 33540
}