{
  "time_slides": 288.09121799468994,
  "token_slides": 66476,
  "time_script": 204.35779762268066,
  "token_script": 50377,
  "time_assessment": 146.41927528381348,
  "token_assessment": 36380
}