{
  "time_slides": 363.7850818634033,
  "token_slides": 71754,
  "time_script": 265.27206540107727,
  "token_script": 54905,
  "time_assessment": 148.89513111114502,
  "token_assessment": 35516
}