{
  "time_slides": 446.3856656551361,
  "token_slides": 63226,
  "time_script": 352.33644366264343,
  "token_script": 51894,
  "time_assessment": 205.67586636543274,
  "token_assessment": 33433
}