{
  "time_slides": 272.67319416999817,
  "token_slides": 68336,
  "time_script": 186.57409620285034,
  "token_script": 51572,
  "time_assessment": 133.93767666816711,
  "token_assessment": 36643
}