{
  "time_slides": 301.1721103191376,
  "token_slides": 37431,
  "time_script": 223.94079208374023,
  "token_script": 29890,
  "time_assessment": 160.26921343803406,
  "token_assessment": 20677
}