{
  "time_slides": 303.54903626441956,
  "token_slides": 67859,
  "time_script": 211.7694113254547,
  "token_script": 50676,
  "time_assessment": 141.89115142822266,
  "token_assessment": 36746
}