{
  "time_slides": 420.78044152259827,
  "token_slides": 63103,
  "time_script": 290.21916007995605,
  "token_script": 51486,
  "time_assessment": 194.6072494983673,
  "token_assessment": 34103
}