{
  "time_slides": 197.0607533454895,
  "token_slides": 49220,
  "time_script": 132.89319610595703,
  "token_script": 34828,
  "time_assessment": 93.67841696739197,
  "token_assessment": 24163
}