{
  "time_slides": 147.5170977115631,
  "token_slides": 40742,
  "time_script": 108.59235453605652,
  "token_script": 27121,
  "time_assessment": 77.99230623245239,
  "token_assessment": 19747
}