{
  "time_slides": 365.01450514793396,
  "token_slides": 42969,
  "time_script": 236.9184455871582,
  "token_script": 34730,
  "time_assessment": 174.73126578330994,
  "token_assessment": 22919
}