{
  "time_slides": 268.59849309921265,
  "token_slides": 37588,
  "time_script": 215.95048880577087,
  "token_script": 30727,
  "time_assessment": 152.5331585407257,
  "token_assessment": 19868
}