{
  "time_slides": 173.65103459358215,
  "token_slides": 48105,
  "time_script": 126.89328479766846,
  "token_script": 35298,
  "time_assessment": 87.57989192008972,
  "token_assessment": 24041
}