{
  "time_slides": 336.7213177680969,
  "token_slides": 38500,
  "time_script": 255.03345847129822,
  "token_script": 31418,
  "time_assessment": 182.26966261863708,
  "token_assessment": 21567
}