{
  "time_slides": 311.37774872779846,
  "token_slides": 38783,
  "time_script": 227.16924381256104,
  "token_script": 30677,
  "time_assessment": 163.88052988052368,
  "token_assessment": 21037
}