{
  "time_slides": 172.10062766075134,
  "token_slides": 45747,
  "time_script": 129.90989923477173,
  "token_script": 32492,
  "time_assessment": 80.98638153076172,
  "token_assessment": 22262
}