{
  "time_slides": 259.7869143486023,
  "token_slides": 52279,
  "time_script": 190.73187375068665,
  "token_script": 38413,
  "time_assessment": 107.20395350456238,
  "token_assessment": 25937
}