{
  "time_slides": 280.327684879303,
  "token_slides": 63922,
  "time_script": 201.40404105186462,
  "token_script": 46746,
  "time_assessment": 158.82066416740417,
  "token_assessment": 34048
}