{
  "time_slides": 521.0650091171265,
  "token_slides": 61154,
  "time_script": 325.0446219444275,
  "token_script": 50215,
  "time_assessment": 219.2206871509552,
  "token_assessment": 33703
}