{
  "time_slides": 473.1167514324188,
  "token_slides": 60386,
  "time_script": 351.31415843963623,
  "token_script": 47412,
  "time_assessment": 225.84724020957947,
  "token_assessment": 33713
}