{
  "time_slides": 514.0571250915527,
  "token_slides": 63885,
  "time_script": 368.35725021362305,
  "token_script": 51323,
  "time_assessment": 232.39364409446716,
  "token_assessment": 35253
}