{
  "time_slides": 485.49384927749634,
  "token_slides": 63060,
  "time_script": 347.6507034301758,
  "token_script": 50657,
  "time_assessment": 264.19304180145264,
  "token_assessment": 36195
}