{
  "time_slides": 539.4473960399628,
  "token_slides": 64585,
  "time_script": 375.01399636268616,
  "token_script": 52969,
  "time_assessment": 242.36553764343262,
  "token_assessment": 35035
}