{
  "time_slides": 429.4018726348877,
  "token_slides": 60802,
  "time_script": 324.9915165901184,
  "token_script": 48482,
  "time_assessment": 248.3518829345703,
  "token_assessment": 34832
}