{
  "time_slides": 468.15718054771423,
  "token_slides": 58973,
  "time_script": 332.76969814300537,
  "token_script": 46909,
  "time_assessment": 237.08136367797852,
  "token_assessment": 32016
}