{
  "time_slides": 447.82655477523804,
  "token_slides": 62199,
  "time_script": 361.78062295913696,
  "token_script": 50243,
  "time_assessment": 252.59894824028015,
  "token_assessment": 34643
}