{
  "time_slides": 462.84596848487854,
  "token_slides": 56150,
  "time_script": 315.1988568305969,
  "token_script": 43504,
  "time_assessment": 275.0654537677765,
  "token_assessment": 32071
}