{
  "time_slides": 423.2516622543335,
  "token_slides": 57653,
  "time_script": 312.03381752967834,
  "token_script": 44479,
  "time_assessment": 225.37480926513672,
  "token_assessment": 31029
}