{
  "time_slides": 497.93684458732605,
  "token_slides": 61191,
  "time_script": 358.9997367858887,
  "token_script": 47818,
  "time_assessment": 264.45316314697266,
  "token_assessment": 33630
}