{
  "time_slides": 495.55819296836853,
  "token_slides": 64399,
  "time_script": 369.4263758659363,
  "token_script": 51094,
  "time_assessment": 268.773672580719,
  "token_assessment": 36090
}