{
  "time_slides": 411.67534351348877,
  "token_slides": 61058,
  "time_script": 301.68489360809326,
  "token_script": 47919,
  "time_assessment": 242.26664090156555,
  "token_assessment": 32347
}