{
  "time_slides": 520.0063800811768,
  "token_slides": 61152,
  "time_script": 406.89087080955505,
  "token_script": 49412,
  "time_assessment": 284.8315670490265,
  "token_assessment": 33509
}