{
  "time_slides": 482.5209107398987,
  "token_slides": 64196,
  "time_script": 358.9973828792572,
  "token_script": 52512,
  "time_assessment": 268.06950211524963,
  "token_assessment": 33555
}