{
  "time_slides": 297.48268604278564,
  "token_slides": 45430,
  "time_script": 207.86035227775574,
  "token_script": 31772,
  "time_assessment": 153.4610185623169,
  "token_assessment": 22881
}