{
  "time_slides": 238.4626009464264,
  "token_slides": 56257,
  "time_script": 157.99871492385864,
  "token_script": 40433,
  "time_assessment": 104.52558898925781,
  "token_assessment": 27341
}