{
  "time_slides": 179.99618554115295,
  "token_slides": 46908,
  "time_script": 132.88828563690186,
  "token_script": 32632,
  "time_assessment": 85.30291724205017,
  "token_assessment": 22460
}