{
  "time_slides": 213.01711106300354,
  "token_slides": 52788,
  "time_script": 140.4161479473114,
  "token_script": 37208,
  "time_assessment": 92.7686243057251,
  "token_assessment": 25029
}