{
  "time_slides": 224.88685274124146,
  "token_slides": 46366,
  "time_script": 146.31317114830017,
  "token_script": 31912,
  "time_assessment": 98.38448357582092,
  "token_assessment": 22024
}