{
  "time_slides": 185.95804452896118,
  "token_slides": 46490,
  "time_script": 136.12919998168945,
  "token_script": 33234,
  "time_assessment": 95.61951327323914,
  "token_assessment": 22791
}