{
  "time_slides": 205.71366262435913,
  "token_slides": 48842,
  "time_script": 171.10456538200378,
  "token_script": 35687,
  "time_assessment": 110.48854732513428,
  "token_assessment": 23953
}