{
  "time_slides": 212.36437940597534,
  "token_slides": 45534,
  "time_script": 152.36971354484558,
  "token_script": 32140,
  "time_assessment": 95.77817153930664,
  "token_assessment": 21464
}