{
  "time_slides": 230.63892269134521,
  "token_slides": 47670,
  "time_script": 150.92417335510254,
  "token_script": 32516,
  "time_assessment": 99.78575325012207,
  "token_assessment": 22361
}