{
  "time_slides": 199.5349895954132,
  "token_slides": 51519,
  "time_script": 139.17517352104187,
  "token_script": 35791,
  "time_assessment": 95.14434814453125,
  "token_assessment": 25232
}