{
  "time_slides": 263.9649221897125,
  "token_slides": 57166,
  "time_script": 176.28863334655762,
  "token_script": 42667,
  "time_assessment": 107.59803080558777,
  "token_assessment": 27045
}