{
  "time_slides": 221.64531135559082,
  "token_slides": 50533,
  "time_script": 150.3411786556244,
  "token_script": 35503,
  "time_assessment": 108.54848861694336,
  "token_assessment": 25258
}