{
  "time_slides": 217.94063711166382,
  "token_slides": 48460,
  "time_script": 159.4042820930481,
  "token_script": 34606,
  "time_assessment": 112.53740882873535,
  "token_assessment": 24564
}