{
  "time_slides": 309.65593552589417,
  "token_slides": 63653,
  "time_script": 237.6753215789795,
  "token_script": 48674,
  "time_assessment": 144.43499970436096,
  "token_assessment": 30964
}