{
  "time_slides": 255.20760798454285,
  "token_slides": 56097,
  "time_script": 174.71791768074036,
  "token_script": 41261,
  "time_assessment": 119.22011661529541,
  "token_assessment": 27423
}