{
  "time_slides": 310.5604450702667,
  "token_slides": 63347,
  "time_script": 189.71131205558777,
  "token_script": 47063,
  "time_assessment": 123.35779786109924,
  "token_assessment": 31361
}