{
  "time_slides": 230.65016651153564,
  "token_slides": 60982,
  "time_script": 160.33502793312073,
  "token_script": 45156,
  "time_assessment": 121.03278875350952,
  "token_assessment": 31415
}