{
  "time_slides": 180.63463973999023,
  "token_slides": 46098,
  "time_script": 140.96557116508484,
  "token_script": 32301,
  "time_assessment": 122.82361149787903,
  "token_assessment": 21937
}