{
  "time_slides": 187.49784231185913,
  "token_slides": 49007,
  "time_script": 135.3219015598297,
  "token_script": 36497,
  "time_assessment": 86.79616117477417,
  "token_assessment": 24204
}