{
  "time_slides": 292.25839400291443,
  "token_slides": 60871,
  "time_script": 212.5723433494568,
  "token_script": 46628,
  "time_assessment": 139.49111104011536,
  "token_assessment": 31174
}