{
  "time_slides": 337.26663970947266,
  "token_slides": 54958,
  "time_script": 244.88048768043518,
  "token_script": 40279,
  "time_assessment": 175.17696833610535,
  "token_assessment": 27685
}