{
  "time_slides": 262.6535520553589,
  "token_slides": 36646,
  "time_script": 183.6763334274292,
  "token_script": 29367,
  "time_assessment": 137.2126476764679,
  "token_assessment": 19793
}