{
  "time_slides": 345.5026104450226,
  "token_slides": 69990,
  "time_script": 258.0653495788574,
  "token_script": 53834,
  "time_assessment": 154.1546173095703,
  "token_assessment": 36253
}