{
  "time_slides": 205.73831367492676,
  "token_slides": 50824,
  "time_script": 137.45423555374146,
  "token_script": 36552,
  "time_assessment": 90.66965293884277,
  "token_assessment": 24696
}