{
  "time_slides": 200.46365547180176,
  "token_slides": 53264,
  "time_script": 137.51187252998352,
  "token_script": 38644,
  "time_assessment": 136.8481388092041,
  "token_assessment": 27186
}