{
  "time_slides": 245.6449909210205,
  "token_slides": 63924,
  "time_script": 181.088121175766,
  "token_script": 49476,
  "time_assessment": 112.62015557289124,
  "token_assessment": 32585
}