{
  "time_slides": 257.84905648231506,
  "token_slides": 61115,
  "time_script": 170.31860399246216,
  "token_script": 46726,
  "time_assessment": 110.12067699432373,
  "token_assessment": 31230
}