{
  "time_slides": 237.17014074325562,
  "token_slides": 53806,
  "time_script": 163.68512630462646,
  "token_script": 38753,
  "time_assessment": 112.98257899284363,
  "token_assessment": 27191
}