{
  "time_slides": 204.84739542007446,
  "token_slides": 48386,
  "time_script": 153.10135126113892,
  "token_script": 35048,
  "time_assessment": 106.03540992736816,
  "token_assessment": 24489
}