{
  "time_slides": 167.94143533706665,
  "token_slides": 41391,
  "time_script": 130.81040811538696,
  "token_script": 28605,
  "time_assessment": 87.1082329750061,
  "token_assessment": 20666
}