{
  "time_slides": 214.50070691108704,
  "token_slides": 47184,
  "time_script": 148.19393801689148,
  "token_script": 33640,
  "time_assessment": 97.98494219779968,
  "token_assessment": 23311
}