{
  "time_slides": 269.59828519821167,
  "token_slides": 56404,
  "time_script": 190.19231367111206,
  "token_script": 42586,
  "time_assessment": 122.27562808990479,
  "token_assessment": 27595
}