{
  "time_slides": 232.3394491672516,
  "token_slides": 46266,
  "time_script": 143.69570064544678,
  "token_script": 32662,
  "time_assessment": 97.25588274002075,
  "token_assessment": 22188
}