{
  "time_slides": 188.65403246879578,
  "token_slides": 44253,
  "time_script": 142.99307537078857,
  "token_script": 31313,
  "time_assessment": 96.38839483261108,
  "token_assessment": 21911
}