{
  "time_slides": 242.0687620639801,
  "token_slides": 54215,
  "time_script": 176.8722312450409,
  "token_script": 39945,
  "time_assessment": 120.92637729644775,
  "token_assessment": 26197
}