{
  "time_slides": 199.5282473564148,
  "token_slides": 50093,
  "time_script": 129.90165615081787,
  "token_script": 36509,
  "time_assessment": 91.60059380531311,
  "token_assessment": 24733
}