{
  "time_slides": 286.6056139469147,
  "token_slides": 60250,
  "time_script": 204.1297152042389,
  "token_script": 46578,
  "time_assessment": 142.7637484073639,
  "token_assessment": 31903
}