{
  "time_slides": 223.60738396644592,
  "token_slides": 56263,
  "time_script": 147.8102045059204,
  "token_script": 40044,
  "time_assessment": 108.3712592124939,
  "token_assessment": 26544
}