{
  "time_slides": 273.6506233215332,
  "token_slides": 39759,
  "time_script": 216.5643174648285,
  "token_script": 31670,
  "time_assessment": 174.01192235946655,
  "token_assessment": 22117
}