{
  "time_slides": 172.83672451972961,
  "token_slides": 45964,
  "time_script": 121.5919942855835,
  "token_script": 30800,
  "time_assessment": 95.29251050949097,
  "token_assessment": 22939
}