{
  "time_slides": 283.7002475261688,
  "token_slides": 40122,
  "time_script": 235.9073920249939,
  "token_script": 33817,
  "time_assessment": 140.87757468223572,
  "token_assessment": 21079
}