{
  "time_slides": 349.55693316459656,
  "token_slides": 64293,
  "time_script": 235.09084510803223,
  "token_script": 49502,
  "time_assessment": 168.83268928527832,
  "token_assessment": 35142
}