{
  "time_slides": 232.8928360939026,
  "token_slides": 48579,
  "time_script": 165.15244936943054,
  "token_script": 36780,
  "time_assessment": 107.14158511161804,
  "token_assessment": 24135
}