{
  "time_slides": 161.23332381248474,
  "token_slides": 39069,
  "time_script": 121.09259033203125,
  "token_script": 27033,
  "time_assessment": 85.75739073753357,
  "token_assessment": 19041
}