{
  "time_slides": 243.38224267959595,
  "token_slides": 46680,
  "time_script": 161.45456528663635,
  "token_script": 34401,
  "time_assessment": 101.23658490180969,
  "token_assessment": 24002
}