{
  "time_slides": 159.24724793434143,
  "token_slides": 34277,
  "time_script": 100.36628794670105,
  "token_script": 22358,
  "time_assessment": 71.56342911720276,
  "token_assessment": 16276
}