{
  "time_slides": 157.51995706558228,
  "token_slides": 37164,
  "time_script": 120.45016741752625,
  "token_script": 25079,
  "time_assessment": 78.5610773563385,
  "token_assessment": 18253
}