{
  "time_slides": 268.6907706260681,
  "token_slides": 53428,
  "time_script": 175.60949993133545,
  "token_script": 40122,
  "time_assessment": 123.45156216621399,
  "token_assessment": 26013
}