{
  "time_slides": 219.8270149230957,
  "token_slides": 45917,
  "time_script": 148.63012647628784,
  "token_script": 32466,
  "time_assessment": 119.70962762832642,
  "token_assessment": 22373
}