{
  "time_slides": 202.89377188682556,
  "token_slides": 44195,
  "time_script": 158.56778478622437,
  "token_script": 31065,
  "time_assessment": 98.24090313911438,
  "token_assessment": 22615
}