{
  "time_slides": 262.501540184021,
  "token_slides": 56591,
  "time_script": 192.96508121490479,
  "token_script": 42920,
  "time_assessment": 132.47310090065002,
  "token_assessment": 30122
}