{
  "time_slides": 317.9051055908203,
  "token_slides": 60886,
  "time_script": 221.5125720500946,
  "token_script": 47484,
  "time_assessment": 142.06848978996277,
  "token_assessment": 30405
}