{
  "time_slides": 158.96682929992676,
  "token_slides": 37528,
  "time_script": 115.31181240081787,
  "token_script": 24743,
  "time_assessment": 77.20732569694519,
  "token_assessment": 17496
}