{
  "time_slides": 272.7804651260376,
  "token_slides": 53838,
  "time_script": 190.8722858428955,
  "token_script": 41111,
  "time_assessment": 114.23095178604126,
  "token_assessment": 27704
}