{
  "time_slides": 220.13225293159485,
  "token_slides": 44879,
  "time_script": 151.93421387672424,
  "token_script": 32345,
  "time_assessment": 115.83998012542725,
  "token_assessment": 22681
}