{
  "time_slides": 159.93450498580933,
  "token_slides": 42662,
  "time_script": 106.45441007614136,
  "token_script": 29314,
  "time_assessment": 79.82409048080444,
  "token_assessment": 20717
}