{
  "time_slides": 279.1659719944,
  "token_slides": 68991,
  "time_script": 213.7214560508728,
  "token_script": 53442,
  "time_assessment": 145.20631456375122,
  "token_assessment": 36672
}