{
  "time_slides": 461.55639910697937,
  "token_slides": 64807,
  "time_script": 309.60179114341736,
  "token_script": 51163,
  "time_assessment": 209.19879961013794,
  "token_assessment": 35183
}