{
  "time_slides": 254.55847692489624,
  "token_slides": 36886,
  "time_script": 220.42817521095276,
  "token_script": 29604,
  "time_assessment": 132.345716714859,
  "token_assessment": 20310
}