{
  "time_slides": 584.7188830375671,
  "token_slides": 73455,
  "time_script": 396.4918375015259,
  "token_script": 56805,
  "time_assessment": 258.1446475982666,
  "token_assessment": 37893
}