{
  "time_slides": 548.5435054302216,
  "token_slides": 63899,
  "time_script": 413.75494623184204,
  "token_script": 51001,
  "time_assessment": 260.6702313423157,
  "token_assessment": 35331
}