{
  "time_slides": 214.70770812034607,
  "token_slides": 52122,
  "time_script": 163.83680391311646,
  "token_script": 37802,
  "time_assessment": 108.2008056640625,
  "token_assessment": 26725
}