{
  "time_slides": 344.40411257743835,
  "token_slides": 68020,
  "time_script": 251.46951341629028,
  "token_script": 53977,
  "time_assessment": 166.07481265068054,
  "token_assessment": 35386
}