{
  "time_slides": 244.00608444213867,
  "token_slides": 38875,
  "time_script": 157.52352595329285,
  "token_script": 30369,
  "time_assessment": 121.25211429595947,
  "token_assessment": 21029
}