{
  "time_slides": 265.97587513923645,
  "token_slides": 38058,
  "time_script": 196.67304730415344,
  "token_script": 30551,
  "time_assessment": 126.21562314033508,
  "token_assessment": 21087
}