{
  "time_slides": 269.48800230026245,
  "token_slides": 39428,
  "time_script": 196.9806044101715,
  "token_script": 31036,
  "time_assessment": 148.3118817806244,
  "token_assessment": 21579
}