{
  "time_slides": 338.63079142570496,
  "token_slides": 41553,
  "time_script": 268.4250166416168,
  "token_script": 32960,
  "time_assessment": 138.7444441318512,
  "token_assessment": 22349
}