{
  "time_slides": 262.4577372074127,
  "token_slides": 39847,
  "time_script": 183.1833679676056,
  "token_script": 30654,
  "time_assessment": 138.05382537841797,
  "token_assessment": 21619
}