{
  "time_slides": 333.2189564704895,
  "token_slides": 41624,
  "time_script": 233.7630832195282,
  "token_script": 34180,
  "time_assessment": 179.20442605018616,
  "token_assessment": 23039
}