{
  "time_slides": 242.31338119506836,
  "token_slides": 36955,
  "time_script": 190.20304799079895,
  "token_script": 29038,
  "time_assessment": 120.62974858283997,
  "token_assessment": 19674
}