{
  "time_slides": 271.88330030441284,
  "token_slides": 37145,
  "time_script": 195.38092517852783,
  "token_script": 28323,
  "time_assessment": 135.0003514289856,
  "token_assessment": 19550
}