{
  "time_slides": 249.07589316368103,
  "token_slides": 41227,
  "time_script": 204.93617033958435,
  "token_script": 33872,
  "time_assessment": 123.28599619865417,
  "token_assessment": 22314
}