{
  "time_slides": 274.4782905578613,
  "token_slides": 38473,
  "time_script": 208.02740621566772,
  "token_script": 30093,
  "time_assessment": 136.7386655807495,
  "token_assessment": 20783
}