{
  "time_slides": 317.4245796203613,
  "token_slides": 42552,
  "time_script": 235.27202343940735,
  "token_script": 34296,
  "time_assessment": 152.260680437088,
  "token_assessment": 22107
}