{
  "time_slides": 279.89403557777405,
  "token_slides": 39608,
  "time_script": 210.46891808509827,
  "token_script": 31777,
  "time_assessment": 124.97655391693115,
  "token_assessment": 21433
}