{
  "time_slides": 277.3032314777374,
  "token_slides": 67528,
  "time_script": 195.69822788238525,
  "token_script": 49914,
  "time_assessment": 144.472562789917,
  "token_assessment": 36874
}