{
  "time_slides": 187.89768266677856,
  "token_slides": 42309,
  "time_script": 138.27756071090698,
  "token_script": 28971,
  "time_assessment": 94.06044363975525,
  "token_assessment": 20277
}