{
  "time_slides": 219.6681740283966,
  "token_slides": 46783,
  "time_script": 156.33975267410278,
  "token_script": 32068,
  "time_assessment": 101.4668447971344,
  "token_assessment": 22213
}