{
  "time_slides": 267.0547947883606,
  "token_slides": 37281,
  "time_script": 230.56357741355896,
  "token_script": 29979,
  "time_assessment": 134.52252292633057,
  "token_assessment": 20905
}