{
  "time_slides": 215.64021277427673,
  "token_slides": 55280,
  "time_script": 150.85787844657898,
  "token_script": 37124,
  "time_assessment": 98.87056851387024,
  "token_assessment": 26702
}