{
  "time_slides": 260.97069787979126,
  "token_slides": 57630,
  "time_script": 177.3489966392517,
  "token_script": 42707,
  "time_assessment": 102.26789927482605,
  "token_assessment": 27369
}