{
  "time_slides": 461.05954217910767,
  "token_slides": 59734,
  "time_script": 320.7040731906891,
  "token_script": 46206,
  "time_assessment": 228.2951362133026,
  "token_assessment": 32584
}