{
  "time_slides": 222.07784962654114,
  "token_slides": 36199,
  "time_script": 194.85387754440308,
  "token_script": 28288,
  "time_assessment": 145.2414848804474,
  "token_assessment": 19880
}