{
  "time_slides": 250.73249983787537,
  "token_slides": 38435,
  "time_script": 177.55837559700012,
  "token_script": 31209,
  "time_assessment": 128.93075299263,
  "token_assessment": 20780
}