{
  "time_slides": 294.4898099899292,
  "token_slides": 40037,
  "time_script": 218.79937195777893,
  "token_script": 31910,
  "time_assessment": 128.76795268058777,
  "token_assessment": 21167
}