{
  "time_slides": 225.60703802108765,
  "token_slides": 37061,
  "time_script": 184.84105324745178,
  "token_script": 29480,
  "time_assessment": 141.2887887954712,
  "token_assessment": 20425
}