{
  "time_slides": 252.58856177330017,
  "token_slides": 37682,
  "time_script": 189.90197086334229,
  "token_script": 30272,
  "time_assessment": 128.88772797584534,
  "token_assessment": 19991
}