{
  "time_slides": 235.80954670906067,
  "token_slides": 36491,
  "time_script": 164.611750125885,
  "token_script": 29020,
  "time_assessment": 106.59907984733582,
  "token_assessment": 19603
}