{
  "time_slides": 281.36473536491394,
  "token_slides": 37452,
  "time_script": 198.49682688713074,
  "token_script": 29534,
  "time_assessment": 141.18674230575562,
  "token_assessment": 20471
}