{
  "time_slides": 297.15541911125183,
  "token_slides": 39151,
  "time_script": 175.5998866558075,
  "token_script": 31306,
  "time_assessment": 129.05825281143188,
  "token_assessment": 21098
}