{
  "time_slides": 251.70902562141418,
  "token_slides": 38497,
  "time_script": 183.30082273483276,
  "token_script": 29866,
  "time_assessment": 117.51571226119995,
  "token_assessment": 20586
}