{
  "time_slides": 286.7579309940338,
  "token_slides": 36597,
  "time_script": 195.66412448883057,
  "token_script": 28960,
  "time_assessment": 129.73313164710999,
  "token_assessment": 20037
}