{
  "time_slides": 300.63958501815796,
  "token_slides": 39498,
  "time_script": 250.65007424354553,
  "token_script": 32476,
  "time_assessment": 167.36938428878784,
  "token_assessment": 21692
}