{
  "time_slides": 279.43241786956787,
  "token_slides": 39508,
  "time_script": 198.81116819381714,
  "token_script": 32013,
  "time_assessment": 136.9772276878357,
  "token_assessment": 21071
}