{
  "time_slides": 308.96657371520996,
  "token_slides": 40638,
  "time_script": 208.08877635002136,
  "token_script": 32711,
  "time_assessment": 136.37422251701355,
  "token_assessment": 21923
}