{
  "time_slides": 237.49116325378418,
  "token_slides": 38282,
  "time_script": 190.24291801452637,
  "token_script": 30392,
  "time_assessment": 113.79301047325134,
  "token_assessment": 20181
}