{
  "time_slides": 282.51128816604614,
  "token_slides": 39127,
  "time_script": 184.12702345848083,
  "token_script": 30793,
  "time_assessment": 127.94412016868591,
  "token_assessment": 20635
}