{
  "time_slides": 319.6267421245575,
  "token_slides": 70798,
  "time_script": 247.42140817642212,
  "token_script": 55295,
  "time_assessment": 158.94887948036194,
  "token_assessment": 37820
}