{
  "time_slides": 328.0253415107727,
  "token_slides": 70396,
  "time_script": 241.2954704761505,
  "token_script": 55164,
  "time_assessment": 146.64274978637695,
  "token_assessment": 37152
}