{
  "time_slides": 280.62709307670593,
  "token_slides": 64737,
  "time_script": 203.17646837234497,
  "token_script": 48874,
  "time_assessment": 140.8219177722931,
  "token_assessment": 34367
}