{
  "time_slides": 291.76554822921753,
  "token_slides": 68750,
  "time_script": 214.2944211959839,
  "token_script": 52390,
  "time_assessment": 141.06864547729492,
  "token_assessment": 36017
}