{
  "time_slides": 302.6778769493103,
  "token_slides": 69988,
  "time_script": 212.37328362464905,
  "token_script": 53985,
  "time_assessment": 159.1956775188446,
  "token_assessment": 37323
}