{
  "time_slides": 288.7007133960724,
  "token_slides": 68303,
  "time_script": 232.86260747909546,
  "token_script": 52586,
  "time_assessment": 152.61085629463196,
  "token_assessment": 37160
}