{
  "time_slides": 313.1798777580261,
  "token_slides": 69913,
  "time_script": 216.6686065196991,
  "token_script": 53077,
  "time_assessment": 154.95453262329102,
  "token_assessment": 37716
}