{
  "time_slides": 309.9723391532898,
  "token_slides": 70169,
  "time_script": 224.72888588905334,
  "token_script": 52709,
  "time_assessment": 166.69853377342224,
  "token_assessment": 37451
}