{
  "time_slides": 303.4668228626251,
  "token_slides": 69507,
  "time_script": 209.78494477272034,
  "token_script": 52156,
  "time_assessment": 141.84959816932678,
  "token_assessment": 36630
}