{
  "time_slides": 311.1018075942993,
  "token_slides": 72072,
  "time_script": 249.76929473876953,
  "token_script": 55915,
  "time_assessment": 155.47242546081543,
  "token_assessment": 38483
}