{
  "time_slides": 303.13669657707214,
  "token_slides": 70563,
  "time_script": 229.06976199150085,
  "token_script": 55480,
  "time_assessment": 143.31910300254822,
  "token_assessment": 36959
}