{
  "time_slides": 294.37716031074524,
  "token_slides": 67702,
  "time_script": 214.26514196395874,
  "token_script": 51717,
  "time_assessment": 153.04857683181763,
  "token_assessment": 35648
}