{
  "time_slides": 290.56900119781494,
  "token_slides": 66821,
  "time_script": 195.67580819129944,
  "token_script": 49405,
  "time_assessment": 143.64965963363647,
  "token_assessment": 35374
}