{
  "time_slides": 291.77159571647644,
  "token_slides": 69274,
  "time_script": 206.3868043422699,
  "token_script": 53225,
  "time_assessment": 131.91210985183716,
  "token_assessment": 35414
}