{
  "time_slides": 402.8322377204895,
  "token_slides": 73395,
  "time_script": 269.110294342041,
  "token_script": 56875,
  "time_assessment": 181.24178051948547,
  "token_assessment": 39200
}