{
  "time_slides": 229.11513209342957,
  "token_slides": 52700,
  "time_script": 165.6827301979065,
  "token_script": 37274,
  "time_assessment": 109.90324139595032,
  "token_assessment": 27001
}