{
  "time_slides": 159.24900197982788,
  "token_slides": 40954,
  "time_script": 118.50600171089172,
  "token_script": 26837,
  "time_assessment": 89.04163241386414,
  "token_assessment": 20106
}