{
  "time_slides": 287.44696617126465,
  "token_slides": 59530,
  "time_script": 204.07410168647766,
  "token_script": 42219,
  "time_assessment": 126.33022880554199,
  "token_assessment": 31321
}