{
  "time_slides": 240.08727860450745,
  "token_slides": 53927,
  "time_script": 178.85397791862488,
  "token_script": 38886,
  "time_assessment": 111.09892416000366,
  "token_assessment": 26705
}