{
  "time_slides": 194.94643831253052,
  "token_slides": 42773,
  "time_script": 119.88239312171936,
  "token_script": 27267,
  "time_assessment": 94.30656790733337,
  "token_assessment": 20455
}