{
  "time_slides": 347.1127564907074,
  "token_slides": 72794,
  "time_script": 255.74546456336975,
  "token_script": 55136,
  "time_assessment": 171.17014145851135,
  "token_assessment": 39325
}