{
  "time_slides": 232.91679739952087,
  "token_slides": 48966,
  "time_script": 160.540513753891,
  "token_script": 34613,
  "time_assessment": 120.8868637084961,
  "token_assessment": 25564
}