{
  "time_slides": 219.30508089065552,
  "token_slides": 52141,
  "time_script": 164.69892525672913,
  "token_script": 37445,
  "time_assessment": 115.41448879241943,
  "token_assessment": 27279
}