{
  "time_slides": 359.0895719528198,
  "token_slides": 72450,
  "time_script": 247.99046993255615,
  "token_script": 53744,
  "time_assessment": 158.85911750793457,
  "token_assessment": 38519
}