{
  "time_slides": 221.47169661521912,
  "token_slides": 49602,
  "time_script": 154.55291604995728,
  "token_script": 34065,
  "time_assessment": 104.07697463035583,
  "token_assessment": 23724
}