{
  "time_slides": 220.4982852935791,
  "token_slides": 47558,
  "time_script": 156.6058075428009,
  "token_script": 33347,
  "time_assessment": 119.1639449596405,
  "token_assessment": 23993
}