{
  "time_slides": 230.68725562095642,
  "token_slides": 50145,
  "time_script": 170.01764297485352,
  "token_script": 35820,
  "time_assessment": 127.22389435768127,
  "token_assessment": 26277
}