{
  "time_slides": 276.9723653793335,
  "token_slides": 67074,
  "time_script": 202.51749634742737,
  "token_script": 50821,
  "time_assessment": 138.1502935886383,
  "token_assessment": 35700
}