{
  "time_slides": 231.6858344078064,
  "token_slides": 45021,
  "time_script": 176.18589687347412,
  "token_script": 31742,
  "time_assessment": 129.3634295463562,
  "token_assessment": 22792
}