{
  "time_slides": 254.22239446640015,
  "token_slides": 37761,
  "time_script": 191.41432070732117,
  "token_script": 30600,
  "time_assessment": 136.49180102348328,
  "token_assessment": 20722
}