{
  "time_slides": 261.6059112548828,
  "token_slides": 36681,
  "time_script": 189.18197321891785,
  "token_script": 29489,
  "time_assessment": 140.14001441001892,
  "token_assessment": 20157
}