{
  "time_slides": 275.1523952484131,
  "token_slides": 40731,
  "time_script": 183.93869876861572,
  "token_script": 33576,
  "time_assessment": 116.29805159568787,
  "token_assessment": 20809
}