{
  "time_slides": 323.3125410079956,
  "token_slides": 39127,
  "time_script": 201.01275205612183,
  "token_script": 31666,
  "time_assessment": 153.3386950492859,
  "token_assessment": 21220
}