{
  "time_slides": 273.928524017334,
  "token_slides": 38179,
  "time_script": 185.9047384262085,
  "token_script": 30340,
  "time_assessment": 133.13039636611938,
  "token_assessment": 20088
}