{
  "time_slides": 248.64391565322876,
  "token_slides": 36594,
  "time_script": 194.58936381340027,
  "token_script": 28567,
  "time_assessment": 129.5426435470581,
  "token_assessment": 20277
}