{
  "time_slides": 258.76765060424805,
  "token_slides": 39290,
  "time_script": 181.5723705291748,
  "token_script": 32112,
  "time_assessment": 132.011403799057,
  "token_assessment": 21058
}