{
  "time_slides": 381.2504346370697,
  "token_slides": 39597,
  "time_script": 221.0089750289917,
  "token_script": 32192,
  "time_assessment": 162.26117300987244,
  "token_assessment": 20638
}