{
  "time_slides": 231.4539759159088,
  "token_slides": 36503,
  "time_script": 182.5439531803131,
  "token_script": 29261,
  "time_assessment": 137.4560341835022,
  "token_assessment": 20400
}