{
  "time_slides": 262.8210461139679,
  "token_slides": 38246,
  "time_script": 193.87220335006714,
  "token_script": 29573,
  "time_assessment": 145.71161770820618,
  "token_assessment": 20490
}