{
  "time_slides": 258.3132474422455,
  "token_slides": 37188,
  "time_script": 188.95395374298096,
  "token_script": 28928,
  "time_assessment": 126.39389896392822,
  "token_assessment": 19556
}