{
  "time_slides": 224.71135902404785,
  "token_slides": 37215,
  "time_script": 175.2636399269104,
  "token_script": 29161,
  "time_assessment": 116.16913723945618,
  "token_assessment": 20043
}