{
  "time_slides": 292.0990743637085,
  "token_slides": 66777,
  "time_script": 213.19255185127258,
  "token_script": 51801,
  "time_assessment": 150.34673738479614,
  "token_assessment": 37144
}