{
  "time_slides": 191.23381686210632,
  "token_slides": 42051,
  "time_script": 138.35244178771973,
  "token_script": 30535,
  "time_assessment": 98.25660681724548,
  "token_assessment": 20841
}