{
  "time_slides": 230.15965032577515,
  "token_slides": 44231,
  "time_script": 154.46399116516113,
  "token_script": 31313,
  "time_assessment": 108.88612484931946,
  "token_assessment": 21678
}