{
  "time_slides": 237.35270071029663,
  "token_slides": 43937,
  "time_script": 163.63627576828003,
  "token_script": 33144,
  "time_assessment": 98.0666069984436,
  "token_assessment": 21448
}