{
  "time_slides": 182.90720677375793,
  "token_slides": 37064,
  "time_script": 125.85851001739502,
  "token_script": 26647,
  "time_assessment": 81.17841601371765,
  "token_assessment": 17098
}