{
  "time_slides": 162.26139640808105,
  "token_slides": 34067,
  "time_script": 125.97433376312256,
  "token_script": 23005,
  "time_assessment": 96.09448170661926,
  "token_assessment": 16867
}