{
  "time_slides": 315.45761156082153,
  "token_slides": 54221,
  "time_script": 203.3615367412567,
  "token_script": 42697,
  "time_assessment": 138.27033352851868,
  "token_assessment": 28212
}