{
  "time_slides": 277.4547190666199,
  "token_slides": 50528,
  "time_script": 189.18469190597534,
  "token_script": 38132,
  "time_assessment": 128.75906324386597,
  "token_assessment": 25819
}