{
  "time_slides": 237.5329532623291,
  "token_slides": 47594,
  "time_script": 155.5911192893982,
  "token_script": 35521,
  "time_assessment": 105.45882892608643,
  "token_assessment": 23728
}