{
  "time_slides": 336.19466853141785,
  "token_slides": 60855,
  "time_script": 224.50356793403625,
  "token_script": 47592,
  "time_assessment": 150.02722668647766,
  "token_assessment": 30528
}