{
  "time_slides": 223.7149829864502,
  "token_slides": 44085,
  "time_script": 143.25361108779907,
  "token_script": 31335,
  "time_assessment": 103.76487684249878,
  "token_assessment": 21542
}