{
  "time_slides": 191.45360040664673,
  "token_slides": 38262,
  "time_script": 139.56574654579163,
  "token_script": 27651,
  "time_assessment": 93.20116138458252,
  "token_assessment": 17891
}