{
  "time_slides": 174.96423745155334,
  "token_slides": 36603,
  "time_script": 131.44059658050537,
  "token_script": 25356,
  "time_assessment": 100.82244396209717,
  "token_assessment": 17641
}