{
  "time_slides": 234.4016408920288,
  "token_slides": 43620,
  "time_script": 146.13638019561768,
  "token_script": 31203,
  "time_assessment": 102.24337577819824,
  "token_assessment": 20837
}