{
  "time_slides": 365.42544174194336,
  "token_slides": 41296,
  "time_script": 259.90907073020935,
  "token_script": 33824,
  "time_assessment": 145.87363576889038,
  "token_assessment": 21374
}