{
  "time_slides": 481.63950657844543,
  "token_slides": 61524,
  "time_script": 326.00393533706665,
  "token_script": 49056,
  "time_assessment": 231.8617832660675,
  "token_assessment": 33645
}