{
  "time_slides": 305.8455114364624,
  "token_slides": 49842,
  "time_script": 223.9747817516327,
  "token_script": 38128,
  "time_assessment": 149.02372002601624,
  "token_assessment": 25558
}