{
  "time_slides": 192.11107921600342,
  "token_slides": 44699,
  "time_script": 145.28692197799683,
  "token_script": 32736,
  "time_assessment": 97.53095364570618,
  "token_assessment": 21590
}