{
  "time_slides": 300.30692291259766,
  "token_slides": 36775,
  "time_script": 216.5664782524109,
  "token_script": 29805,
  "time_assessment": 169.38079643249512,
  "token_assessment": 20343
}