{
  "time_slides": 210.1093487739563,
  "token_slides": 48380,
  "time_script": 126.67133331298828,
  "token_script": 33983,
  "time_assessment": 84.8308458328247,
  "token_assessment": 23431
}