{
  "time_slides": 356.0058741569519,
  "token_slides": 57144,
  "time_script": 254.82989859580994,
  "token_script": 45042,
  "time_assessment": 178.03274250030518,
  "token_assessment": 31325
}