{
  "time_slides": 271.03852677345276,
  "token_slides": 64806,
  "time_script": 194.8960475921631,
  "token_script": 46614,
  "time_assessment": 121.42518663406372,
  "token_assessment": 31764
}