{
  "time_slides": 183.60769820213318,
  "token_slides": 46297,
  "time_script": 128.08878111839294,
  "token_script": 32044,
  "time_assessment": 84.16647171974182,
  "token_assessment": 22354
}