{
  "time_slides": 192.8297963142395,
  "token_slides": 47589,
  "time_script": 137.4448528289795,
  "token_script": 32670,
  "time_assessment": 97.84741044044495,
  "token_assessment": 23848
}