{
  "time_slides": 251.53103947639465,
  "token_slides": 56316,
  "time_script": 188.27550745010376,
  "token_script": 41223,
  "time_assessment": 141.55713891983032,
  "token_assessment": 29229
}