{
  "time_slides": 381.69613313674927,
  "token_slides": 71886,
  "time_script": 244.23745918273926,
  "token_script": 55261,
  "time_assessment": 160.97171473503113,
  "token_assessment": 38323
}