{
  "time_slides": 284.97015404701233,
  "token_slides": 57023,
  "time_script": 217.56330132484436,
  "token_script": 43687,
  "time_assessment": 127.10576486587524,
  "token_assessment": 29188
}