{
  "time_slides": 261.86025834083557,
  "token_slides": 55051,
  "time_script": 186.74754738807678,
  "token_script": 39362,
  "time_assessment": 130.00417590141296,
  "token_assessment": 28919
}