{
  "time_slides": 176.9376664161682,
  "token_slides": 45697,
  "time_script": 151.92754316329956,
  "token_script": 32263,
  "time_assessment": 95.7181236743927,
  "token_assessment": 23291
}