{
  "time_slides": 248.9656400680542,
  "token_slides": 57438,
  "time_script": 196.27142453193665,
  "token_script": 42853,
  "time_assessment": 122.11987113952637,
  "token_assessment": 30382
}