{
  "time_slides": 145.4376678466797,
  "token_slides": 40622,
  "time_script": 140.36328887939453,
  "token_script": 28137,
  "time_assessment": 93.44348120689392,
  "token_assessment": 20617
}