{
  "time_slides": 256.78150606155396,
  "token_slides": 57899,
  "time_script": 187.72110390663147,
  "token_script": 42564,
  "time_assessment": 125.64394855499268,
  "token_assessment": 30771
}