{
  "time_slides": 279.4126601219177,
  "token_slides": 57273,
  "time_script": 188.12699270248413,
  "token_script": 41554,
  "time_assessment": 126.89352297782898,
  "token_assessment": 28807
}