{
  "time_slides": 252.61599159240723,
  "token_slides": 59889,
  "time_script": 184.43654036521912,
  "token_script": 43340,
  "time_assessment": 138.00980639457703,
  "token_assessment": 32392
}