{
  "time_slides": 263.9740867614746,
  "token_slides": 55249,
  "time_script": 184.11600041389465,
  "token_script": 38590,
  "time_assessment": 126.81512331962585,
  "token_assessment": 28615
}