{
  "time_slides": 229.31012845039368,
  "token_slides": 49451,
  "time_script": 186.49565505981445,
  "token_script": 35851,
  "time_assessment": 103.64333486557007,
  "token_assessment": 25177
}