{
  "time_slides": 272.3859806060791,
  "token_slides": 56954,
  "time_script": 196.55502796173096,
  "token_script": 41861,
  "time_assessment": 138.37761402130127,
  "token_assessment": 29962
}