{
  "time_slides": 212.33236265182495,
  "token_slides": 46669,
  "time_script": 152.77729177474976,
  "token_script": 32665,
  "time_assessment": 103.16978597640991,
  "token_assessment": 22805
}