{
  "time_slides": 204.67693400382996,
  "token_slides": 45767,
  "time_script": 146.31768369674683,
  "token_script": 32736,
  "time_assessment": 112.25710582733154,
  "token_assessment": 22043
}