{
  "time_slides": 196.181738615036,
  "token_slides": 42603,
  "time_script": 133.19413685798645,
  "token_script": 29836,
  "time_assessment": 84.68977284431458,
  "token_assessment": 20742
}