{
  "time_slides": 404.5363299846649,
  "token_slides": 72856,
  "time_script": 245.8245861530304,
  "token_script": 56038,
  "time_assessment": 165.44039964675903,
  "token_assessment": 38151
}