{
  "time_slides": 175.17547464370728,
  "token_slides": 45568,
  "time_script": 120.45688891410828,
  "token_script": 31390,
  "time_assessment": 80.41614365577698,
  "token_assessment": 21908
}