{
  "time_slides": 228.57751083374023,
  "token_slides": 48746,
  "time_script": 156.66097378730774,
  "token_script": 35882,
  "time_assessment": 111.89860391616821,
  "token_assessment": 24566
}