{
  "time_slides": 142.67918062210083,
  "token_slides": 39170,
  "time_script": 102.32348537445068,
  "token_script": 25954,
  "time_assessment": 76.97872924804688,
  "token_assessment": 18061
}