{
  "time_slides": 188.62435746192932,
  "token_slides": 50887,
  "time_script": 132.39795017242432,
  "token_script": 35002,
  "time_assessment": 94.56644773483276,
  "token_assessment": 24517
}