{
  "time_slides": 305.21504497528076,
  "token_slides": 41672,
  "time_script": 233.95060777664185,
  "token_script": 33990,
  "time_assessment": 162.82401394844055,
  "token_assessment": 22149
}