{
  "time_slides": 164.4959557056427,
  "token_slides": 42592,
  "time_script": 123.53477501869202,
  "token_script": 29110,
  "time_assessment": 94.65746116638184,
  "token_assessment": 19835
}