{
  "time_slides": 376.36545968055725,
  "token_slides": 62256,
  "time_script": 279.8001232147217,
  "token_script": 51474,
  "time_assessment": 182.56297039985657,
  "token_assessment": 35178
}