{
  "time_slides": 279.36037516593933,
  "token_slides": 71011,
  "time_script": 202.65165853500366,
  "token_script": 50263,
  "time_assessment": 133.0530652999878,
  "token_assessment": 35263
}