{
  "time_slides": 290.6476881504059,
  "token_slides": 68601,
  "time_script": 212.63028764724731,
  "token_script": 53620,
  "time_assessment": 139.9663951396942,
  "token_assessment": 36093
}