{
  "time_slides": 586.6836342811584,
  "token_slides": 70595,
  "time_script": 389.5632555484772,
  "token_script": 51895,
  "time_assessment": 301.6770293712616,
  "token_assessment": 37524
}