{
  "time_slides": 329.3353817462921,
  "token_slides": 72375,
  "time_script": 198.92483949661255,
  "token_script": 54772,
  "time_assessment": 144.72048330307007,
  "token_assessment": 37462
}