{
  "time_slides": 462.9636261463165,
  "token_slides": 61713,
  "time_script": 346.7135314941406,
  "token_script": 48986,
  "time_assessment": 228.34472060203552,
  "token_assessment": 33435
}