{
  "time_slides": 259.9165451526642,
  "token_slides": 36307,
  "time_script": 195.82219004631042,
  "token_script": 29201,
  "time_assessment": 126.59336853027344,
  "token_assessment": 19634
}