{
  "time_slides": 286.87344121932983,
  "token_slides": 68168,
  "time_script": 199.212708234787,
  "token_script": 51118,
  "time_assessment": 147.57540726661682,
  "token_assessment": 37409
}