{
  "time_slides": 251.31217122077942,
  "token_slides": 51526,
  "time_script": 180.52044296264648,
  "token_script": 38797,
  "time_assessment": 119.16131734848022,
  "token_assessment": 26539
}