{
  "time_slides": 408.252733707428,
  "token_slides": 62348,
  "time_script": 319.7062313556671,
  "token_script": 50964,
  "time_assessment": 221.27939295768738,
  "token_assessment": 34831
}