{
  "time_slides": 484.8663239479065,
  "token_slides": 71053,
  "time_script": 353.79007029533386,
  "token_script": 54186,
  "time_assessment": 242.6794490814209,
  "token_assessment": 37893
}