{
  "time_slides": 323.8373670578003,
  "token_slides": 51338,
  "time_script": 237.57580590248108,
  "token_script": 36024,
  "time_assessment": 166.94731998443604,
  "token_assessment": 26270
}