{
  "time_slides": 276.16961884498596,
  "token_slides": 36647,
  "time_script": 188.10245561599731,
  "token_script": 29842,
  "time_assessment": 138.303941488266,
  "token_assessment": 20043
}