{
  "time_slides": 310.90103030204773,
  "token_slides": 70538,
  "time_script": 233.5886514186859,
  "token_script": 54476,
  "time_assessment": 153.83735466003418,
  "token_assessment": 37570
}