{
  "time_slides": 258.9148483276367,
  "token_slides": 64710,
  "time_script": 194.7318389415741,
  "token_script": 48705,
  "time_assessment": 146.05516743659973,
  "token_assessment": 34974
}