{
  "time_slides": 476.40963101387024,
  "token_slides": 60410,
  "time_script": 352.017147064209,
  "token_script": 49346,
  "time_assessment": 235.08788204193115,
  "token_assessment": 32540
}