{
  "time_slides": 290.33251214027405,
  "token_slides": 40655,
  "time_script": 223.76616191864014,
  "token_script": 33523,
  "time_assessment": 146.33665990829468,
  "token_assessment": 21797
}