{
  "time_slides": 512.4758429527283,
  "token_slides": 60549,
  "time_script": 393.6287748813629,
  "token_script": 47838,
  "time_assessment": 267.6606481075287,
  "token_assessment": 32212
}