{
  "time_slides": 308.8704173564911,
  "token_slides": 60915,
  "time_script": 198.93999600410461,
  "token_script": 45277,
  "time_assessment": 137.95458698272705,
  "token_assessment": 30371
}