{
  "time_slides": 190.90602946281433,
  "token_slides": 43181,
  "time_script": 129.84093284606934,
  "token_script": 29682,
  "time_assessment": 93.78173089027405,
  "token_assessment": 21695
}