{
  "time_slides": 227.360764503479,
  "token_slides": 45931,
  "time_script": 147.15798830986023,
  "token_script": 31037,
  "time_assessment": 105.7160632610321,
  "token_assessment": 22493
}