{
  "time_slides": 302.50812673568726,
  "token_slides": 62548,
  "time_script": 235.01333379745483,
  "token_script": 48112,
  "time_assessment": 149.44604754447937,
  "token_assessment": 32891
}