{
  "time_slides": 227.2314305305481,
  "token_slides": 47840,
  "time_script": 144.59283137321472,
  "token_script": 33721,
  "time_assessment": 100.1273283958435,
  "token_assessment": 22587
}