{
  "time_slides": 243.64056754112244,
  "token_slides": 52751,
  "time_script": 200.19792771339417,
  "token_script": 39232,
  "time_assessment": 101.5669424533844,
  "token_assessment": 25681
}