{
  "time_slides": 336.22602128982544,
  "token_slides": 64662,
  "time_script": 244.43227744102478,
  "token_script": 49436,
  "time_assessment": 157.18205308914185,
  "token_assessment": 33363
}