{
  "time_slides": 319.70166635513306,
  "token_slides": 62604,
  "time_script": 242.8219575881958,
  "token_script": 49154,
  "time_assessment": 136.41569685935974,
  "token_assessment": 31966
}