{
  "time_slides": 204.6082100868225,
  "token_slides": 46759,
  "time_script": 139.8148295879364,
  "token_script": 32470,
  "time_assessment": 92.62686133384705,
  "token_assessment": 22646
}