{
  "time_slides": 210.69489669799805,
  "token_slides": 47289,
  "time_script": 131.23598527908325,
  "token_script": 32834,
  "time_assessment": 97.89976143836975,
  "token_assessment": 23583
}