{
  "time_slides": 211.1293261051178,
  "token_slides": 46618,
  "time_script": 146.6484203338623,
  "token_script": 33254,
  "time_assessment": 106.00883054733276,
  "token_assessment": 23023
}