{
  "time_slides": 322.22800612449646,
  "token_slides": 60270,
  "time_script": 228.39601707458496,
  "token_script": 46172,
  "time_assessment": 146.310396194458,
  "token_assessment": 29278
}