{
  "time_slides": 332.99876642227173,
  "token_slides": 68196,
  "time_script": 254.1524941921234,
  "token_script": 52915,
  "time_assessment": 155.09839487075806,
  "token_assessment": 36525
}