{
  "time_slides": 249.49654340744019,
  "token_slides": 47021,
  "time_script": 166.01803874969482,
  "token_script": 33362,
  "time_assessment": 109.59615755081177,
  "token_assessment": 22972
}