{
  "time_slides": 343.0965175628662,
  "token_slides": 67637,
  "time_script": 247.13492941856384,
  "token_script": 52592,
  "time_assessment": 146.81260347366333,
  "token_assessment": 35012
}