{
  "time_slides": 528.0547385215759,
  "token_slides": 63589,
  "time_script": 354.87131237983704,
  "token_script": 50935,
  "time_assessment": 258.0313105583191,
  "token_assessment": 33399
}