{
  "time_slides": 403.28045773506165,
  "token_slides": 57977,
  "time_script": 258.96496748924255,
  "token_script": 44976,
  "time_assessment": 204.70039319992065,
  "token_assessment": 31738
}