{
  "time_slides": 439.77945828437805,
  "token_slides": 60200,
  "time_script": 312.40562915802,
  "token_script": 47804,
  "time_assessment": 217.21244049072266,
  "token_assessment": 32869
}