{
  "time_slides": 516.1923518180847,
  "token_slides": 63779,
  "time_script": 356.7009572982788,
  "token_script": 51793,
  "time_assessment": 240.92249870300293,
  "token_assessment": 34560
}