{
  "time_slides": 519.0827567577362,
  "token_slides": 63622,
  "time_script": 368.97881960868835,
  "token_script": 52800,
  "time_assessment": 216.27902030944824,
  "token_assessment": 32526
}