{
  "time_slides": 422.20836305618286,
  "token_slides": 60719,
  "time_script": 297.79285407066345,
  "token_script": 47731,
  "time_assessment": 218.18621802330017,
  "token_assessment": 33427
}