{
  "time_slides": 405.0336158275604,
  "token_slides": 57431,
  "time_script": 323.41165924072266,
  "token_script": 45526,
  "time_assessment": 231.4292652606964,
  "token_assessment": 31535
}