{
  "time_slides": 438.8268823623657,
  "token_slides": 62491,
  "time_script": 337.96491980552673,
  "token_script": 51778,
  "time_assessment": 181.04319500923157,
  "token_assessment": 34090
}