{
  "time_slides": 376.6376292705536,
  "token_slides": 61251,
  "time_script": 303.1955757141113,
  "token_script": 50311,
  "time_assessment": 194.18672847747803,
  "token_assessment": 33269
}