{
  "time_slides": 460.2660744190216,
  "token_slides": 61273,
  "time_script": 321.0020115375519,
  "token_script": 49380,
  "time_assessment": 248.46211504936218,
  "token_assessment": 33516
}