{
  "time_slides": 458.0448684692383,
  "token_slides": 62362,
  "time_script": 336.2905824184418,
  "token_script": 49177,
  "time_assessment": 206.5459942817688,
  "token_assessment": 33347
}