{
  "time_slides": 489.393917798996,
  "token_slides": 62342,
  "time_script": 334.3826267719269,
  "token_script": 50357,
  "time_assessment": 262.34073281288147,
  "token_assessment": 33580
}