{
  "time_slides": 516.4479877948761,
  "token_slides": 62405,
  "time_script": 338.75021052360535,
  "token_script": 50316,
  "time_assessment": 206.9712016582489,
  "token_assessment": 32995
}