{
  "time_slides": 481.1662406921387,
  "token_slides": 64819,
  "time_script": 331.3575885295868,
  "token_script": 51303,
  "time_assessment": 226.4269814491272,
  "token_assessment": 35697
}