{
  "time_slides": 443.35572600364685,
  "token_slides": 59395,
  "time_script": 334.27511048316956,
  "token_script": 48831,
  "time_assessment": 238.25062322616577,
  "token_assessment": 32519
}