{
  "time_slides": 395.85135865211487,
  "token_slides": 63258,
  "time_script": 283.15358662605286,
  "token_script": 51597,
  "time_assessment": 189.2126271724701,
  "token_assessment": 35647
}