{
  "time_slides": 253.8875777721405,
  "token_slides": 40361,
  "time_script": 193.514484167099,
  "token_script": 33305,
  "time_assessment": 115.80090165138245,
  "token_assessment": 20580
}