{
  "time_slides": 253.46961998939514,
  "token_slides": 38733,
  "time_script": 190.56347346305847,
  "token_script": 30820,
  "time_assessment": 126.15066289901733,
  "token_assessment": 20510
}