{
  "time_slides": 273.6188368797302,
  "token_slides": 39658,
  "time_script": 195.0707561969757,
  "token_script": 30383,
  "time_assessment": 123.54531931877136,
  "token_assessment": 20671
}