{
  "time_slides": 280.49122738838196,
  "token_slides": 40429,
  "time_script": 201.82451748847961,
  "token_script": 34121,
  "time_assessment": 119.84154844284058,
  "token_assessment": 20825
}