{
  "time_slides": 320.2672505378723,
  "token_slides": 41392,
  "time_script": 249.29508018493652,
  "token_script": 33172,
  "time_assessment": 151.48568439483643,
  "token_assessment": 21441
}