{
  "time_slides": 296.2606084346771,
  "token_slides": 40016,
  "time_script": 213.35797309875488,
  "token_script": 30860,
  "time_assessment": 153.56762313842773,
  "token_assessment": 20789
}