{
  "time_slides": 296.13469672203064,
  "token_slides": 39170,
  "time_script": 197.2659990787506,
  "token_script": 30971,
  "time_assessment": 136.78572034835815,
  "token_assessment": 21129
}