{
  "time_slides": 252.8681833744049,
  "token_slides": 38917,
  "time_script": 207.19231271743774,
  "token_script": 31924,
  "time_assessment": 128.18523907661438,
  "token_assessment": 20836
}