{
  "time_slides": 244.40889644622803,
  "token_slides": 39571,
  "time_script": 186.7737853527069,
  "token_script": 31331,
  "time_assessment": 130.06793022155762,
  "token_assessment": 20944
}