{
  "time_slides": 284.4412488937378,
  "token_slides": 37796,
  "time_script": 188.2611119747162,
  "token_script": 29933,
  "time_assessment": 124.56991839408875,
  "token_assessment": 20337
}