{
  "time_slides": 280.0217595100403,
  "token_slides": 37514,
  "time_script": 189.35370588302612,
  "token_script": 30293,
  "time_assessment": 129.4246859550476,
  "token_assessment": 20056
}