{
  "time_slides": 266.86561942100525,
  "token_slides": 37379,
  "time_script": 178.61748909950256,
  "token_script": 28387,
  "time_assessment": 133.71306681632996,
  "token_assessment": 19813
}