{
  "time_slides": 345.55623841285706,
  "token_slides": 51049,
  "time_script": 263.63276410102844,
  "token_script": 37979,
  "time_assessment": 166.20934295654297,
  "token_assessment": 24748
}