{
  "time_slides": 307.0779299736023,
  "token_slides": 70548,
  "time_script": 232.6942343711853,
  "token_script": 55242,
  "time_assessment": 141.23421907424927,
  "token_assessment": 37077
}