{
  "time_slides": 303.9673864841461,
  "token_slides": 41470,
  "time_script": 210.3748435974121,
  "token_script": 33589,
  "time_assessment": 130.61100459098816,
  "token_assessment": 21879
}