{
  "time_slides": 174.03436875343323,
  "token_slides": 45044,
  "time_script": 112.82798743247986,
  "token_script": 31702,
  "time_assessment": 87.06229662895203,
  "token_assessment": 21363
}