{
  "time_slides": 424.986444234848,
  "token_slides": 62042,
  "time_script": 305.0392737388611,
  "token_script": 50357,
  "time_assessment": 196.68786811828613,
  "token_assessment": 33259
}