{
  "time_slides": 532.0472986698151,
  "token_slides": 71050,
  "time_script": 352.33502769470215,
  "token_script": 55206,
  "time_assessment": 238.27984499931335,
  "token_assessment": 38289
}