{
  "time_slides": 314.9762542247772,
  "token_slides": 71382,
  "time_script": 226.68341827392578,
  "token_script": 54961,
  "time_assessment": 149.83275365829468,
  "token_assessment": 38406
}