{
  "time_slides": 262.2473931312561,
  "token_slides": 66260,
  "time_script": 216.796377658844,
  "token_script": 50142,
  "time_assessment": 120.07782220840454,
  "token_assessment": 34446
}