{
  "time_slides": 257.34580874443054,
  "token_slides": 52679,
  "time_script": 177.78604245185852,
  "token_script": 38516,
  "time_assessment": 133.17424631118774,
  "token_assessment": 25463
}