{
  "time_slides": 260.61894941329956,
  "token_slides": 55290,
  "time_script": 181.69963765144348,
  "token_script": 40166,
  "time_assessment": 128.11890077590942,
  "token_assessment": 28650
}