{
  "time_slides": 219.96756863594055,
  "token_slides": 45820,
  "time_script": 154.4630823135376,
  "token_script": 32807,
  "time_assessment": 97.04867839813232,
  "token_assessment": 22645
}