{
  "time_slides": 198.2352454662323,
  "token_slides": 44311,
  "time_script": 146.56531429290771,
  "token_script": 31592,
  "time_assessment": 99.05384826660156,
  "token_assessment": 21740
}