{
  "time_slides": 221.35745310783386,
  "token_slides": 46698,
  "time_script": 164.31763911247253,
  "token_script": 34245,
  "time_assessment": 108.61273884773254,
  "token_assessment": 22821
}