{
  "time_slides": 230.43491458892822,
  "token_slides": 50381,
  "time_script": 172.7892804145813,
  "token_script": 36539,
  "time_assessment": 127.08722615242004,
  "token_assessment": 26278
}