{
  "time_slides": 217.1274173259735,
  "token_slides": 45844,
  "time_script": 156.03288435935974,
  "token_script": 33011,
  "time_assessment": 107.52596068382263,
  "token_assessment": 22645
}