{
  "time_slides": 194.71790218353271,
  "token_slides": 43140,
  "time_script": 151.08848667144775,
  "token_script": 30147,
  "time_assessment": 106.72320246696472,
  "token_assessment": 22314
}