{
  "time_slides": 200.45672845840454,
  "token_slides": 43599,
  "time_script": 151.7161350250244,
  "token_script": 30402,
  "time_assessment": 100.01526832580566,
  "token_assessment": 21631
}