{
  "time_slides": 252.6976330280304,
  "token_slides": 52070,
  "time_script": 167.54290413856506,
  "token_script": 37567,
  "time_assessment": 112.5654547214508,
  "token_assessment": 25259
}