{
  "time_slides": 222.27670073509216,
  "token_slides": 47621,
  "time_script": 151.78940200805664,
  "token_script": 34230,
  "time_assessment": 90.33728241920471,
  "token_assessment": 22835
}