{
  "time_slides": 319.641384601593,
  "token_slides": 64019,
  "time_script": 214.90173816680908,
  "token_script": 47398,
  "time_assessment": 144.91133785247803,
  "token_assessment": 33062
}