{
  "time_slides": 200.32737350463867,
  "token_slides": 43891,
  "time_script": 127.0970721244812,
  "token_script": 30228,
  "time_assessment": 100.64659547805786,
  "token_assessment": 19764
}