{
  "time_slides": 467.21071004867554,
  "token_slides": 61192,
  "time_script": 342.43658542633057,
  "token_script": 47493,
  "time_assessment": 239.1443030834198,
  "token_assessment": 32778
}