{
  "time_slides": 387.7503719329834,
  "token_slides": 59260,
  "time_script": 282.88726925849915,
  "token_script": 47184,
  "time_assessment": 196.9076874256134,
  "token_assessment": 31418
}