{
  "time_slides": 325.64477252960205,
  "token_slides": 60952,
  "time_script": 253.80712175369263,
  "token_script": 49465,
  "time_assessment": 154.98952293395996,
  "token_assessment": 33113
}