{
  "time_slides": 416.88779520988464,
  "token_slides": 58916,
  "time_script": 280.5942747592926,
  "token_script": 46013,
  "time_assessment": 194.49163556098938,
  "token_assessment": 30768
}