{
  "time_slides": 473.14437890052795,
  "token_slides": 60093,
  "time_script": 361.4047248363495,
  "token_script": 47751,
  "time_assessment": 275.30467534065247,
  "token_assessment": 33485
}