{
  "time_slides": 390.41084814071655,
  "token_slides": 60379,
  "time_script": 273.0180604457855,
  "token_script": 46450,
  "time_assessment": 192.094167470932,
  "token_assessment": 33342
}