{
  "time_slides": 388.76359009742737,
  "token_slides": 59992,
  "time_script": 282.854594707489,
  "token_script": 46764,
  "time_assessment": 212.6683316230774,
  "token_assessment": 32713
}