{
  "time_slides": 420.96257400512695,
  "token_slides": 64105,
  "time_script": 288.8892090320587,
  "token_script": 50059,
  "time_assessment": 195.19312405586243,
  "token_assessment": 33671
}