{
  "time_slides": 359.7421908378601,
  "token_slides": 62861,
  "time_script": 241.13963890075684,
  "token_script": 51881,
  "time_assessment": 160.8426055908203,
  "token_assessment": 33483
}