{
  "time_slides": 415.1026930809021,
  "token_slides": 61778,
  "time_script": 283.9766128063202,
  "token_script": 50137,
  "time_assessment": 185.0448968410492,
  "token_assessment": 32454
}