{
  "time_slides": 436.59261107444763,
  "token_slides": 61571,
  "time_script": 325.426061630249,
  "token_script": 49875,
  "time_assessment": 228.93378114700317,
  "token_assessment": 32933
}