{
  "time_slides": 393.7433853149414,
  "token_slides": 61321,
  "time_script": 280.0840804576874,
  "token_script": 49089,
  "time_assessment": 184.749409198761,
  "token_assessment": 31680
}