{
  "time_slides": 363.68803811073303,
  "token_slides": 62092,
  "time_script": 259.6779041290283,
  "token_script": 49273,
  "time_assessment": 171.8957724571228,
  "token_assessment": 33492
}