{
  "time_slides": 452.1404311656952,
  "token_slides": 60876,
  "time_script": 356.67680311203003,
  "token_script": 48981,
  "time_assessment": 241.32539534568787,
  "token_assessment": 33242
}