{
  "time_slides": 355.56139945983887,
  "token_slides": 57508,
  "time_script": 285.11274766921997,
  "token_script": 45285,
  "time_assessment": 217.55275630950928,
  "token_assessment": 30060
}