{
  "time_slides": 407.44455671310425,
  "token_slides": 62185,
  "time_script": 293.2693886756897,
  "token_script": 50852,
  "time_assessment": 185.51234984397888,
  "token_assessment": 32911
}