{
  "time_slides": 275.4114418029785,
  "token_slides": 67488,
  "time_script": 194.87111568450928,
  "token_script": 50933,
  "time_assessment": 139.51962900161743,
  "token_assessment": 35279
}