{
  "time_slides": 408.1909108161926,
  "token_slides": 63507,
  "time_script": 301.25945138931274,
  "token_script": 50851,
  "time_assessment": 184.45242404937744,
  "token_assessment": 34297
}