{
  "time_slides": 281.4341640472412,
  "token_slides": 46319,
  "time_script": 185.35884356498718,
  "token_script": 32547,
  "time_assessment": 115.95093488693237,
  "token_assessment": 22117
}