{
  "time_slides": 318.996835231781,
  "token_slides": 71118,
  "time_script": 240.3852198123932,
  "token_script": 55594,
  "time_assessment": 135.99383640289307,
  "token_assessment": 36702
}