{
  "time_slides": 357.013076543808,
  "token_slides": 69831,
  "time_script": 233.85903644561768,
  "token_script": 53990,
  "time_assessment": 158.08547449111938,
  "token_assessment": 36356
}