{
  "time_slides": 217.53456807136536,
  "token_slides": 45951,
  "time_script": 147.71709942817688,
  "token_script": 32756,
  "time_assessment": 100.80776071548462,
  "token_assessment": 22270
}