{
  "time_slides": 187.62577605247498,
  "token_slides": 40881,
  "time_script": 120.16305637359619,
  "token_script": 28034,
  "time_assessment": 87.95716261863708,
  "token_assessment": 20396
}