{
  "time_slides": 317.56503772735596,
  "token_slides": 58436,
  "time_script": 197.35082054138184,
  "token_script": 42895,
  "time_assessment": 139.13541460037231,
  "token_assessment": 29058
}