{
  "time_slides": 248.99840545654297,
  "token_slides": 48831,
  "time_script": 165.47081851959229,
  "token_script": 36488,
  "time_assessment": 99.84096765518188,
  "token_assessment": 23864
}