{
  "time_slides": 191.1070261001587,
  "token_slides": 41038,
  "time_script": 133.03603410720825,
  "token_script": 28650,
  "time_assessment": 77.7150502204895,
  "token_assessment": 19147
}