{
  "time_slides": 179.59964299201965,
  "token_slides": 40925,
  "time_script": 146.64872527122498,
  "token_script": 27731,
  "time_assessment": 99.52662348747253,
  "token_assessment": 20284
}