{
  "time_slides": 374.1789507865906,
  "token_slides": 71683,
  "time_script": 234.85911321640015,
  "token_script": 54501,
  "time_assessment": 163.46309280395508,
  "token_assessment": 38519
}