{
  "time_slides": 320.37266731262207,
  "token_slides": 65593,
  "time_script": 239.1709704399109,
  "token_script": 52083,
  "time_assessment": 149.5481698513031,
  "token_assessment": 34261
}