{
  "time_slides": 285.57631254196167,
  "token_slides": 55576,
  "time_script": 195.43245458602905,
  "token_script": 40872,
  "time_assessment": 128.61325454711914,
  "token_assessment": 28525
}