{
  "time_slides": 242.6086437702179,
  "token_slides": 45864,
  "time_script": 142.0056972503662,
  "token_script": 31250,
  "time_assessment": 95.55779695510864,
  "token_assessment": 21483
}