{
  "time_slides": 219.88642764091492,
  "token_slides": 45923,
  "time_script": 147.9614453315735,
  "token_script": 33277,
  "time_assessment": 95.62515354156494,
  "token_assessment": 21267
}