{
  "time_slides": 263.38682770729065,
  "token_slides": 52966,
  "time_script": 168.9838445186615,
  "token_script": 38594,
  "time_assessment": 117.30305242538452,
  "token_assessment": 26718
}