{
  "time_slides": 268.5960023403168,
  "token_slides": 57461,
  "time_script": 195.98263144493103,
  "token_script": 43261,
  "time_assessment": 127.03704619407654,
  "token_assessment": 30147
}