{
  "time_slides": 148.6988821029663,
  "token_slides": 40200,
  "time_script": 95.24024415016174,
  "token_script": 26259,
  "time_assessment": 67.39461088180542,
  "token_assessment": 18604
}