{
  "time_slides": 477.5369930267334,
  "token_slides": 64335,
  "time_script": 345.69672083854675,
  "token_script": 52288,
  "time_assessment": 207.57728791236877,
  "token_assessment": 34527
}