{
  "time_slides": 277.22915291786194,
  "token_slides": 45701,
  "time_script": 199.89363408088684,
  "token_script": 31865,
  "time_assessment": 139.322674036026,
  "token_assessment": 21243
}