{
  "time_slides": 270.49706506729126,
  "token_slides": 67033,
  "time_script": 190.44175171852112,
  "token_script": 50740,
  "time_assessment": 136.11871242523193,
  "token_assessment": 35313
}