{
  "time_slides": 459.24011397361755,
  "token_slides": 60292,
  "time_script": 312.53237676620483,
  "token_script": 46454,
  "time_assessment": 234.59311079978943,
  "token_assessment": 32970
}