{
  "time_slides": 361.77898478507996,
  "token_slides": 73291,
  "time_script": 212.87119817733765,
  "token_script": 51017,
  "time_assessment": 147.81834721565247,
  "token_assessment": 36131
}