{
  "time_slides": 229.64096927642822,
  "token_slides": 68456,
  "time_script": 155.8045675754547,
  "token_script": 46547,
  "time_assessment": 112.47204208374023,
  "token_assessment": 33647
}