{
  "time_slides": 284.0376467704773,
  "token_slides": 63067,
  "time_script": 207.67509198188782,
  "token_script": 43695,
  "time_assessment": 138.52461910247803,
  "token_assessment": 29708
}