{
  "time_slides": 175.6527156829834,
  "token_slides": 51226,
  "time_script": 128.2616605758667,
  "token_script": 33646,
  "time_assessment": 80.56151723861694,
  "token_assessment": 23982
}