{
  "time_slides": 176.73845267295837,
  "token_slides": 42959,
  "time_script": 114.60833692550659,
  "token_script": 26558,
  "time_assessment": 83.57911133766174,
  "token_assessment": 19006
}