{
  "time_slides": 248.36285161972046,
  "token_slides": 60294,
  "time_script": 177.61017560958862,
  "token_script": 42031,
  "time_assessment": 110.08098840713501,
  "token_assessment": 28295
}