{
  "time_slides": 238.54610562324524,
  "token_slides": 59533,
  "time_script": 187.51863932609558,
  "token_script": 40570,
  "time_assessment": 124.4847502708435,
  "token_assessment": 29293
}