{
  "time_slides": 203.07218170166016,
  "token_slides": 51512,
  "time_script": 162.3687002658844,
  "token_script": 34314,
  "time_assessment": 95.71397471427917,
  "token_assessment": 23888
}