{
  "time_slides": 205.8743999004364,
  "token_slides": 50872,
  "time_script": 158.71705174446106,
  "token_script": 32908,
  "time_assessment": 94.07107162475586,
  "token_assessment": 22910
}