{
  "time_slides": 269.10612177848816,
  "token_slides": 61266,
  "time_script": 195.56902313232422,
  "token_script": 41797,
  "time_assessment": 150.336021900177,
  "token_assessment": 30448
}