{
  "time_slides": 251.29375982284546,
  "token_slides": 55010,
  "time_script": 166.23564863204956,
  "token_script": 36474,
  "time_assessment": 120.36229681968689,
  "token_assessment": 24742
}