{
  "time_slides": 261.169912815094,
  "token_slides": 68830,
  "time_script": 192.0998260974884,
  "token_script": 48105,
  "time_assessment": 127.84570217132568,
  "token_assessment": 33784
}