{
  "time_slides": 242.7632429599762,
  "token_slides": 56729,
  "time_script": 178.233704328537,
  "token_script": 39512,
  "time_assessment": 111.33307576179504,
  "token_assessment": 26022
}