{
  "time_slides": 313.33948969841003,
  "token_slides": 72819,
  "time_script": 214.53598761558533,
  "token_script": 52083,
  "time_assessment": 164.40186476707458,
  "token_assessment": 34980
}