{
  "time_slides": 307.20477962493896,
  "token_slides": 67835,
  "time_script": 226.83281230926514,
  "token_script": 48767,
  "time_assessment": 146.44053626060486,
  "token_assessment": 33470
}