{
  "time_slides": 437.29955434799194,
  "token_slides": 65200,
  "time_script": 304.0112738609314,
  "token_script": 51282,
  "time_assessment": 192.28319001197815,
  "token_assessment": 34884
}