{
  "time_slides": 559.1577296257019,
  "token_slides": 72899,
  "time_script": 366.5825593471527,
  "token_script": 54562,
  "time_assessment": 228.0187737941742,
  "token_assessment": 37083
}