{
  "time_slides": 208.31975030899048,
  "token_slides": 56409,
  "time_script": 162.59775567054749,
  "token_script": 41328,
  "time_assessment": 109.890540599823,
  "token_assessment": 27401
}