{
  "time_slides": 262.5779883861542,
  "token_slides": 65227,
  "time_script": 201.99213933944702,
  "token_script": 49280,
  "time_assessment": 138.24104619026184,
  "token_assessment": 34883
}