{
  "time_slides": 344.1122395992279,
  "token_slides": 58939,
  "time_script": 224.5735423564911,
  "token_script": 46110,
  "time_assessment": 183.98880004882812,
  "token_assessment": 32434
}