{
  "time_slides": 285.7430806159973,
  "token_slides": 37265,
  "time_script": 244.389080286026,
  "token_script": 29301,
  "time_assessment": 153.14885067939758,
  "token_assessment": 20331
}