{
  "time_slides": 240.6926929950714,
  "token_slides": 36733,
  "time_script": 178.20244002342224,
  "token_script": 28387,
  "time_assessment": 138.31488466262817,
  "token_assessment": 20156
}