{
  "time_slides": 184.83257031440735,
  "token_slides": 47888,
  "time_script": 136.80731105804443,
  "token_script": 32007,
  "time_assessment": 92.36212730407715,
  "token_assessment": 21960
}