{
  "time_slides": 241.31565690040588,
  "token_slides": 54689,
  "time_script": 176.8965950012207,
  "token_script": 41674,
  "time_assessment": 126.65766263008118,
  "token_assessment": 26688
}