{
  "time_slides": 223.03078031539917,
  "token_slides": 49903,
  "time_script": 167.34984302520752,
  "token_script": 36466,
  "time_assessment": 111.61572074890137,
  "token_assessment": 25322
}