{
  "time_slides": 393.25418066978455,
  "token_slides": 58831,
  "time_script": 271.9055371284485,
  "token_script": 46514,
  "time_assessment": 192.92803239822388,
  "token_assessment": 32779
}