{
  "time_slides": 200.75917744636536,
  "token_slides": 50860,
  "time_script": 133.37300872802734,
  "token_script": 34776,
  "time_assessment": 98.48985433578491,
  "token_assessment": 25651
}