{
  "time_slides": 297.4293460845947,
  "token_slides": 39301,
  "time_script": 202.64016008377075,
  "token_script": 31370,
  "time_assessment": 144.79219937324524,
  "token_assessment": 20754
}