{
  "time_slides": 284.4661362171173,
  "token_slides": 39882,
  "time_script": 264.71282720565796,
  "token_script": 31253,
  "time_assessment": 158.73959922790527,
  "token_assessment": 21388
}