{
  "time_slides": 321.3688795566559,
  "token_slides": 41167,
  "time_script": 211.13092279434204,
  "token_script": 32827,
  "time_assessment": 152.66632723808289,
  "token_assessment": 21824
}