{
  "time_slides": 279.6218903064728,
  "token_slides": 36767,
  "time_script": 191.86960196495056,
  "token_script": 28298,
  "time_assessment": 144.10320281982422,
  "token_assessment": 20037
}