{
  "time_slides": 254.0133101940155,
  "token_slides": 36871,
  "time_script": 214.97723627090454,
  "token_script": 29307,
  "time_assessment": 144.62197923660278,
  "token_assessment": 20308
}