{
  "time_slides": 304.24546003341675,
  "token_slides": 39482,
  "time_script": 263.49097537994385,
  "token_script": 31694,
  "time_assessment": 153.77081179618835,
  "token_assessment": 20868
}