{
  "time_slides": 314.34273386001587,
  "token_slides": 39847,
  "time_script": 259.64237546920776,
  "token_script": 33468,
  "time_assessment": 150.58653903007507,
  "token_assessment": 21962
}