{
  "time_slides": 312.44174671173096,
  "token_slides": 39036,
  "time_script": 233.67472100257874,
  "token_script": 31488,
  "time_assessment": 152.94124746322632,
  "token_assessment": 20959
}