{
  "time_slides": 314.9781014919281,
  "token_slides": 39658,
  "time_script": 236.19737339019775,
  "token_script": 31958,
  "time_assessment": 142.13611459732056,
  "token_assessment": 21113
}