{
  "time_slides": 341.6731345653534,
  "token_slides": 41467,
  "time_script": 247.31812930107117,
  "token_script": 32811,
  "time_assessment": 133.43631720542908,
  "token_assessment": 21129
}