{
  "time_slides": 267.5627167224884,
  "token_slides": 36988,
  "time_script": 212.24909138679504,
  "token_script": 28685,
  "time_assessment": 144.33301281929016,
  "token_assessment": 20085
}