{
  "time_slides": 343.8546996116638,
  "token_slides": 41216,
  "time_script": 259.667635679245,
  "token_script": 33366,
  "time_assessment": 164.78055119514465,
  "token_assessment": 21228
}