{
  "time_slides": 308.6483099460602,
  "token_slides": 39538,
  "time_script": 229.94990873336792,
  "token_script": 31903,
  "time_assessment": 156.30716705322266,
  "token_assessment": 21000
}