{
  "time_slides": 274.5755376815796,
  "token_slides": 38348,
  "time_script": 202.24059534072876,
  "token_script": 30276,
  "time_assessment": 146.93647980690002,
  "token_assessment": 20903
}