{
  "time_slides": 326.3833155632019,
  "token_slides": 40959,
  "time_script": 241.46124792099,
  "token_script": 33295,
  "time_assessment": 149.41829824447632,
  "token_assessment": 21667
}