{
  "time_slides": 365.4616312980652,
  "token_slides": 52333,
  "time_script": 247.57224488258362,
  "token_script": 38221,
  "time_assessment": 159.81586289405823,
  "token_assessment": 26281
}