{
  "time_slides": 584.2658658027649,
  "token_slides": 84173,
  "time_script": 432.9699306488037,
  "token_script": 70062,
  "time_assessment": 306.6355404853821,
  "token_assessment": 48953
}