{
  "time_slides": 528.7643563747406,
  "token_slides": 86190,
  "time_script": 373.3949909210205,
  "token_script": 71021,
  "time_assessment": 246.7923834323883,
  "token_assessment": 45889
}