{
  "time_slides": 478.59117698669434,
  "token_slides": 79618,
  "time_script": 364.45296144485474,
  "token_script": 65598,
  "time_assessment": 251.2002284526825,
  "token_assessment": 45506
}