{
  "time_slides": 542.2219009399414,
  "token_slides": 86330,
  "time_script": 419.4611690044403,
  "token_script": 73857,
  "time_assessment": 263.78625774383545,
  "token_assessment": 47565
}