{
  "time_slides": 427.74722146987915,
  "token_slides": 77255,
  "time_script": 335.468457698822,
  "token_script": 64356,
  "time_assessment": 240.89015221595764,
  "token_assessment": 45168
}