{
  "time_slides": 592.1550543308258,
  "token_slides": 84251,
  "time_script": 419.999728679657,
  "token_script": 70548,
  "time_assessment": 274.0509583950043,
  "token_assessment": 44740
}