{
  "time_slides": 677.5255143642426,
  "token_slides": 88140,
  "time_script": 486.1589014530182,
  "token_script": 73503,
  "time_assessment": 333.95304441452026,
  "token_assessment": 50737
}