{
  "time_slides": 696.4405200481415,
  "token_slides": 88712,
  "time_script": 499.7279062271118,
  "token_script": 75762,
  "time_assessment": 297.72367095947266,
  "token_assessment": 48780
}