{
  "time_slides": 565.134388923645,
  "token_slides": 86985,
  "time_script": 379.38784074783325,
  "token_script": 73601,
  "time_assessment": 258.0825386047363,
  "token_assessment": 48223
}