{
  "time_slides": 441.98827719688416,
  "token_slides": 80307,
  "time_script": 331.5549876689911,
  "token_script": 67224,
  "time_assessment": 233.0976860523224,
  "token_assessment": 46332
}