{
  "time_slides": 673.1718854904175,
  "token_slides": 85523,
  "time_script": 467.4820098876953,
  "token_script": 70074,
  "time_assessment": 325.67136788368225,
  "token_assessment": 47496
}