{
  "time_slides": 552.9830102920532,
  "token_slides": 84327,
  "time_script": 401.3218297958374,
  "token_script": 70443,
  "time_assessment": 315.5612199306488,
  "token_assessment": 46526
}