{
  "time_slides": 585.0983011722565,
  "token_slides": 85668,
  "time_script": 434.60537028312683,
  "token_script": 73402,
  "time_assessment": 297.2269377708435,
  "token_assessment": 49108
}