{
  "time_slides": 667.9632484912872,
  "token_slides": 87418,
  "time_script": 468.312198638916,
  "token_script": 73064,
  "time_assessment": 321.3055474758148,
  "token_assessment": 48962
}