{
  "time_slides": 569.9145307540894,
  "token_slides": 86565,
  "time_script": 387.2727222442627,
  "token_script": 72466,
  "time_assessment": 276.0452151298523,
  "token_assessment": 47905
}