{
  "time_slides": 198.20921969413757,
  "token_slides": 44663,
  "time_script": 131.76236295700073,
  "token_script": 31197,
  "time_assessment": 92.73157668113708,
  "token_assessment": 21901
}