{
  "time_slides": 149.22912120819092,
  "token_slides": 37297,
  "time_script": 104.89973068237305,
  "token_script": 25404,
  "time_assessment": 70.0073754787445,
  "token_assessment": 18056
}