{
  "time_slides": 191.50553107261658,
  "token_slides": 44825,
  "time_script": 116.28664946556091,
  "token_script": 30719,
  "time_assessment": 92.87533521652222,
  "token_assessment": 21300
}