{
  "time_slides": 222.420636177063,
  "token_slides": 52950,
  "time_script": 142.33622860908508,
  "token_script": 38117,
  "time_assessment": 109.60023188591003,
  "token_assessment": 26699
}