{
  "time_slides": 148.38134574890137,
  "token_slides": 38904,
  "time_script": 117.11078906059265,
  "token_script": 26741,
  "time_assessment": 80.66711020469666,
  "token_assessment": 19807
}