{
  "time_slides": 181.0374517440796,
  "token_slides": 45046,
  "time_script": 122.71534943580627,
  "token_script": 32670,
  "time_assessment": 87.89814233779907,
  "token_assessment": 21344
}