{
  "time_slides": 219.9608175754547,
  "token_slides": 47955,
  "time_script": 158.3297312259674,
  "token_script": 34033,
  "time_assessment": 93.91254925727844,
  "token_assessment": 23439
}