{
  "time_slides": 153.95721316337585,
  "token_slides": 44677,
  "time_script": 114.43765044212341,
  "token_script": 31773,
  "time_assessment": 78.68682503700256,
  "token_assessment": 22201
}