{
  "time_slides": 165.2311863899231,
  "token_slides": 38176,
  "time_script": 104.2221314907074,
  "token_script": 25487,
  "time_assessment": 88.56918787956238,
  "token_assessment": 18264
}