{
  "time_slides": 198.7907691001892,
  "token_slides": 45362,
  "time_script": 132.48058581352234,
  "token_script": 31277,
  "time_assessment": 92.32541537284851,
  "token_assessment": 22344
}