{
  "time_slides": 173.4028480052948,
  "token_slides": 42649,
  "time_script": 121.1448004245758,
  "token_script": 29237,
  "time_assessment": 84.03274512290955,
  "token_assessment": 21136
}