{
  "time_slides": 235.97352695465088,
  "token_slides": 49764,
  "time_script": 152.63452744483948,
  "token_script": 36260,
  "time_assessment": 114.3098464012146,
  "token_assessment": 25555
}