{
  "time_slides": 192.11512398719788,
  "token_slides": 52320,
  "time_script": 133.19191217422485,
  "token_script": 38944,
  "time_assessment": 94.72753572463989,
  "token_assessment": 26345
}