{
  "time_slides": 547.3006980419159,
  "token_slides": 71327,
  "time_script": 382.8418056964874,
  "token_script": 53900,
  "time_assessment": 262.23784136772156,
  "token_assessment": 38395
}