{
  "time_slides": 236.72443795204163,
  "token_slides": 52795,
  "time_script": 169.07627987861633,
  "token_script": 39625,
  "time_assessment": 101.49282741546631,
  "token_assessment": 25418
}