{
  "time_slides": 340.069785118103,
  "token_slides": 57110,
  "time_script": 263.9671676158905,
  "token_script": 46098,
  "time_assessment": 192.19651055335999,
  "token_assessment": 31211
}