{
  "time_slides": 270.272310256958,
  "token_slides": 41005,
  "time_script": 175.20547771453857,
  "token_script": 32113,
  "time_assessment": 129.46784925460815,
  "token_assessment": 21467
}