{
  "time_slides": 258.42655873298645,
  "token_slides": 37542,
  "time_script": 164.3199965953827,
  "token_script": 28110,
  "time_assessment": 133.28064560890198,
  "token_assessment": 20039
}