{
  "time_slides": 250.283953666687,
  "token_slides": 39891,
  "time_script": 201.30986070632935,
  "token_script": 32223,
  "time_assessment": 124.42614316940308,
  "token_assessment": 21660
}