{
  "time_slides": 284.0048358440399,
  "token_slides": 40812,
  "time_script": 196.49427151679993,
  "token_script": 32082,
  "time_assessment": 123.97625350952148,
  "token_assessment": 21788
}