{
  "time_slides": 287.22736406326294,
  "token_slides": 40819,
  "time_script": 195.57671999931335,
  "token_script": 32790,
  "time_assessment": 132.77425622940063,
  "token_assessment": 20496
}