{
  "time_slides": 250.80626559257507,
  "token_slides": 40140,
  "time_script": 187.85061812400818,
  "token_script": 31313,
  "time_assessment": 138.42935299873352,
  "token_assessment": 22322
}