{
  "time_slides": 285.14043617248535,
  "token_slides": 39367,
  "time_script": 191.8841004371643,
  "token_script": 31206,
  "time_assessment": 144.8452489376068,
  "token_assessment": 21259
}