{
  "time_slides": 248.6050102710724,
  "token_slides": 40398,
  "time_script": 188.499990940094,
  "token_script": 32577,
  "time_assessment": 126.37326502799988,
  "token_assessment": 22019
}