{
  "time_slides": 112.26259517669678,
  "token_slides": 16206,
  "time_script": 56.10593247413635,
  "token_script": 9347,
  "time_assessment": 34.86051654815674,
  "token_assessment": 6434
}