{
  "time_slides": 288.18450260162354,
  "token_slides": 39163,
  "time_script": 246.4405219554901,
  "token_script": 30978,
  "time_assessment": 159.96168041229248,
  "token_assessment": 22129
}