{
  "time_slides": 215.39173579216003,
  "token_slides": 36110,
  "time_script": 155.1507852077484,
  "token_script": 28045,
  "time_assessment": 115.44778895378113,
  "token_assessment": 19673
}