{
  "time_slides": 287.61282873153687,
  "token_slides": 42784,
  "time_script": 214.83557868003845,
  "token_script": 34786,
  "time_assessment": 148.94206309318542,
  "token_assessment": 22618
}