{
  "time_slides": 281.90324330329895,
  "token_slides": 40889,
  "time_script": 214.0877468585968,
  "token_script": 30834,
  "time_assessment": 134.78139901161194,
  "token_assessment": 21810
}