{
  "time_slides": 272.6461203098297,
  "token_slides": 39916,
  "time_script": 193.21384954452515,
  "token_script": 31809,
  "time_assessment": 147.6014051437378,
  "token_assessment": 21623
}