{
  "time_slides": 282.57190465927124,
  "token_slides": 39318,
  "time_script": 207.0706467628479,
  "token_script": 30785,
  "time_assessment": 143.86104917526245,
  "token_assessment": 21575
}