{
  "time_slides": 304.3323109149933,
  "token_slides": 39562,
  "time_script": 235.94805645942688,
  "token_script": 31976,
  "time_assessment": 151.72527933120728,
  "token_assessment": 21810
}