{
  "time_slides": 290.7133641242981,
  "token_slides": 63933,
  "time_script": 191.6428279876709,
  "token_script": 46663,
  "time_assessment": 128.97338366508484,
  "token_assessment": 30206
}