{
  "time_slides": 295.80119729042053,
  "token_slides": 59227,
  "time_script": 202.8561191558838,
  "token_script": 43080,
  "time_assessment": 141.35368657112122,
  "token_assessment": 31286
}