{
  "time_slides": 415.79995036125183,
  "token_slides": 59943,
  "time_script": 317.4585886001587,
  "token_script": 48746,
  "time_assessment": 215.226722240448,
  "token_assessment": 33322
}