{
  "time_slides": 329.60701274871826,
  "token_slides": 53984,
  "time_script": 220.10217356681824,
  "token_script": 39761,
  "time_assessment": 170.01941633224487,
  "token_assessment": 28422
}