{
  "time_slides": 255.7723834514618,
  "token_slides": 36219,
  "time_script": 214.40419554710388,
  "token_script": 29256,
  "time_assessment": 131.06110644340515,
  "token_assessment": 20258
}