{
  "time_slides": 155.37004971504211,
  "token_slides": 43979,
  "time_script": 111.87241411209106,
  "token_script": 30266,
  "time_assessment": 85.26987886428833,
  "token_assessment": 23133
}