{
  "time_slides": 194.2061812877655,
  "token_slides": 45677,
  "time_script": 150.240229845047,
  "token_script": 32076,
  "time_assessment": 105.10746884346008,
  "token_assessment": 23635
}