{
  "time_slides": 139.0080623626709,
  "token_slides": 36216,
  "time_script": 107.79221987724304,
  "token_script": 23689,
  "time_assessment": 77.07822966575623,
  "token_assessment": 17930
}