{
  "time_slides": 205.9087963104248,
  "token_slides": 46136,
  "time_script": 148.00145483016968,
  "token_script": 32101,
  "time_assessment": 99.66395616531372,
  "token_assessment": 23410
}