{
  "time_slides": 268.99666118621826,
  "token_slides": 59613,
  "time_script": 194.8984875679016,
  "token_script": 45641,
  "time_assessment": 134.5905294418335,
  "token_assessment": 31207
}