{
  "time_slides": 232.3223259449005,
  "token_slides": 52771,
  "time_script": 179.27083015441895,
  "token_script": 39846,
  "time_assessment": 113.39888072013855,
  "token_assessment": 27198
}