{
  "time_slides": 205.09646081924438,
  "token_slides": 43484,
  "time_script": 138.70839095115662,
  "token_script": 29668,
  "time_assessment": 105.88645768165588,
  "token_assessment": 22508
}