{
  "time_slides": 271.65292525291443,
  "token_slides": 58901,
  "time_script": 208.5207724571228,
  "token_script": 45558,
  "time_assessment": 132.02264738082886,
  "token_assessment": 30774
}