{
  "time_slides": 199.6793806552887,
  "token_slides": 45070,
  "time_script": 141.05345368385315,
  "token_script": 32289,
  "time_assessment": 90.08290314674377,
  "token_assessment": 21206
}