{
  "time_slides": 220.53773546218872,
  "token_slides": 50050,
  "time_script": 153.1088216304779,
  "token_script": 37084,
  "time_assessment": 104.28236317634583,
  "token_assessment": 24794
}