{
  "time_slides": 281.24265718460083,
  "token_slides": 58818,
  "time_script": 200.07653880119324,
  "token_script": 44222,
  "time_assessment": 131.44788265228271,
  "token_assessment": 30599
}