{
  "time_slides": 180.99988102912903,
  "token_slides": 40917,
  "time_script": 132.12509512901306,
  "token_script": 28501,
  "time_assessment": 95.4647068977356,
  "token_assessment": 20404
}