{
  "time_slides": 260.6961987018585,
  "token_slides": 52810,
  "time_script": 190.03039169311523,
  "token_script": 40255,
  "time_assessment": 126.3063416481018,
  "token_assessment": 26673
}