{
  "time_slides": 194.48268795013428,
  "token_slides": 45103,
  "time_script": 140.3539776802063,
  "token_script": 32528,
  "time_assessment": 88.00792288780212,
  "token_assessment": 22048
}