{
  "time_slides": 233.43906116485596,
  "token_slides": 51806,
  "time_script": 170.37983441352844,
  "token_script": 38329,
  "time_assessment": 115.30106687545776,
  "token_assessment": 26853
}