{
  "time_slides": 70.15289640426636,
  "token_slides": 21566,
  "time_script": 41.61649680137634,
  "token_script": 9931,
  "time_assessment": 28.94404149055481,
  "token_assessment": 7093
}