{
  "time_slides": 238.79272079467773,
  "token_slides": 55685,
  "time_script": 155.14030933380127,
  "token_script": 39156,
  "time_assessment": 110.05327606201172,
  "token_assessment": 27235
}