{
  "time_slides": 297.9541778564453,
  "token_slides": 69746,
  "time_script": 209.83780002593994,
  "token_script": 52476,
  "time_assessment": 139.6701865196228,
  "token_assessment": 36576
}