{
  "time_slides": 262.74282360076904,
  "token_slides": 41051,
  "time_script": 176.61353302001953,
  "token_script": 27387,
  "time_assessment": 117.73404240608215,
  "token_assessment": 18196
}