{
  "time_slides": 223.03040981292725,
  "token_slides": 54381,
  "time_script": 156.77347588539124,
  "token_script": 39448,
  "time_assessment": 112.78909635543823,
  "token_assessment": 27110
}