{
  "time_slides": 305.69468545913696,
  "token_slides": 67682,
  "time_script": 203.7489082813263,
  "token_script": 51807,
  "time_assessment": 145.80117654800415,
  "token_assessment": 36065
}