{
  "time_slides": 279.02928495407104,
  "token_slides": 36277,
  "time_script": 198.39234137535095,
  "token_script": 28766,
  "time_assessment": 138.47770953178406,
  "token_assessment": 19844
}