{
  "time_slides": 220.77345275878906,
  "token_slides": 51796,
  "time_script": 167.2376308441162,
  "token_script": 36112,
  "time_assessment": 104.81217169761658,
  "token_assessment": 26357
}