{
  "time_slides": 183.0696165561676,
  "token_slides": 45303,
  "time_script": 128.9087314605713,
  "token_script": 32046,
  "time_assessment": 87.22254729270935,
  "token_assessment": 22507
}