{
  "time_slides": 305.21814012527466,
  "token_slides": 61480,
  "time_script": 216.22818565368652,
  "token_script": 44871,
  "time_assessment": 145.126944065094,
  "token_assessment": 32803
}