{
  "time_slides": 235.92336630821228,
  "token_slides": 52945,
  "time_script": 172.62248635292053,
  "token_script": 37462,
  "time_assessment": 104.35993981361389,
  "token_assessment": 26650
}