{
  "time_slides": 277.8665556907654,
  "token_slides": 55708,
  "time_script": 184.6941623687744,
  "token_script": 40869,
  "time_assessment": 118.07907319068909,
  "token_assessment": 29003
}