{
  "time_slides": 204.75952172279358,
  "token_slides": 45635,
  "time_script": 143.62729859352112,
  "token_script": 32577,
  "time_assessment": 101.52606678009033,
  "token_assessment": 22775
}