{
  "time_slides": 255.16313219070435,
  "token_slides": 56559,
  "time_script": 187.7380006313324,
  "token_script": 42023,
  "time_assessment": 120.66013693809509,
  "token_assessment": 28909
}