{
  "time_slides": 248.7534430027008,
  "token_slides": 52124,
  "time_script": 182.08961462974548,
  "token_script": 36439,
  "time_assessment": 118.93781280517578,
  "token_assessment": 25562
}