{
  "time_slides": 294.0484836101532,
  "token_slides": 65427,
  "time_script": 203.4821162223816,
  "token_script": 48392,
  "time_assessment": 141.2355604171753,
  "token_assessment": 35178
}