{
  "time_slides": 240.55098962783813,
  "token_slides": 55857,
  "time_script": 180.25628876686096,
  "token_script": 40190,
  "time_assessment": 125.56536412239075,
  "token_assessment": 29218
}