{
  "time_slides": 355.1357057094574,
  "token_slides": 73197,
  "time_script": 252.35176515579224,
  "token_script": 56078,
  "time_assessment": 155.42806148529053,
  "token_assessment": 38805
}