{
  "time_slides": 265.7518229484558,
  "token_slides": 57794,
  "time_script": 192.45873403549194,
  "token_script": 40533,
  "time_assessment": 142.73492193222046,
  "token_assessment": 30943
}