{
  "time_slides": 300.94855785369873,
  "token_slides": 61642,
  "time_script": 198.37981367111206,
  "token_script": 44505,
  "time_assessment": 132.89477562904358,
  "token_assessment": 32323
}