{
  "time_slides": 291.88869404792786,
  "token_slides": 61944,
  "time_script": 209.5495629310608,
  "token_script": 44843,
  "time_assessment": 130.49941396713257,
  "token_assessment": 31658
}