{
  "time_slides": 361.2365882396698,
  "token_slides": 72510,
  "time_script": 306.87304496765137,
  "token_script": 55623,
  "time_assessment": 159.0654616355896,
  "token_assessment": 38242
}