{
  "time_slides": 224.4362199306488,
  "token_slides": 44974,
  "time_script": 148.4039843082428,
  "token_script": 31534,
  "time_assessment": 100.4762909412384,
  "token_assessment": 21930
}