{
  "time_slides": 230.63200187683105,
  "token_slides": 49000,
  "time_script": 179.3436050415039,
  "token_script": 35736,
  "time_assessment": 106.7995183467865,
  "token_assessment": 24197
}