{
  "time_slides": 234.55158734321594,
  "token_slides": 47810,
  "time_script": 163.33041334152222,
  "token_script": 33997,
  "time_assessment": 108.31468915939331,
  "token_assessment": 23408
}