{
  "time_slides": 233.04484367370605,
  "token_slides": 45295,
  "time_script": 160.92637825012207,
  "token_script": 31486,
  "time_assessment": 120.41755962371826,
  "token_assessment": 22559
}