{
  "time_slides": 260.85480523109436,
  "token_slides": 50456,
  "time_script": 188.20276474952698,
  "token_script": 37675,
  "time_assessment": 121.2795717716217,
  "token_assessment": 25485
}