{
  "time_slides": 225.3633053302765,
  "token_slides": 46243,
  "time_script": 149.989732503891,
  "token_script": 32386,
  "time_assessment": 105.41381025314331,
  "token_assessment": 22379
}