{
  "time_slides": 291.74154114723206,
  "token_slides": 55486,
  "time_script": 189.602637052536,
  "token_script": 40497,
  "time_assessment": 147.7111372947693,
  "token_assessment": 26745
}