{
  "time_slides": 237.4501371383667,
  "token_slides": 46086,
  "time_script": 164.29499316215515,
  "token_script": 32761,
  "time_assessment": 106.48379755020142,
  "token_assessment": 22495
}