{
  "time_slides": 218.51641058921814,
  "token_slides": 45082,
  "time_script": 163.04378867149353,
  "token_script": 32486,
  "time_assessment": 115.47286200523376,
  "token_assessment": 22357
}