{
  "time_slides": 257.480349779129,
  "token_slides": 52996,
  "time_script": 183.35347819328308,
  "token_script": 39460,
  "time_assessment": 119.08323788642883,
  "token_assessment": 26298
}