{
  "time_slides": 232.02583694458008,
  "token_slides": 44038,
  "time_script": 145.7332375049591,
  "token_script": 29954,
  "time_assessment": 103.74568772315979,
  "token_assessment": 21388
}