{
  "time_slides": 346.64631724357605,
  "token_slides": 63891,
  "time_script": 241.2367012500763,
  "token_script": 49254,
  "time_assessment": 171.15056037902832,
  "token_assessment": 33806
}