{
  "time_slides": 153.81234741210938,
  "token_slides": 33420,
  "time_script": 99.04450464248657,
  "token_script": 21235,
  "time_assessment": 78.82387208938599,
  "token_assessment": 14587
}