{
  "time_slides": 181.71509456634521,
  "token_slides": 39882,
  "time_script": 126.99678945541382,
  "token_script": 27056,
  "time_assessment": 91.53274130821228,
  "token_assessment": 19556
}