{
  "time_slides": 235.9414541721344,
  "token_slides": 47381,
  "time_script": 180.55871033668518,
  "token_script": 35641,
  "time_assessment": 109.03537821769714,
  "token_assessment": 23027
}