{
  "time_slides": 247.16863679885864,
  "token_slides": 50874,
  "time_script": 170.57062578201294,
  "token_script": 37557,
  "time_assessment": 123.93556523323059,
  "token_assessment": 24485
}