{
  "time_slides": 310.44517993927,
  "token_slides": 40294,
  "time_script": 205.50556921958923,
  "token_script": 33477,
  "time_assessment": 130.75843143463135,
  "token_assessment": 20830
}