{
  "time_slides": 275.82343196868896,
  "token_slides": 69532,
  "time_script": 186.9680676460266,
  "token_script": 53408,
  "time_assessment": 129.08369708061218,
  "token_assessment": 36371
}