{
  "time_slides": 164.6127848625183,
  "token_slides": 45551,
  "time_script": 121.85336923599243,
  "token_script": 31691,
  "time_assessment": 86.51083374023438,
  "token_assessment": 22948
}