{
  "time_slides": 208.83693385124207,
  "token_slides": 45092,
  "time_script": 139.87604308128357,
  "token_script": 32616,
  "time_assessment": 95.07524704933167,
  "token_assessment": 22604
}