{
  "time_slides": 248.51160526275635,
  "token_slides": 55006,
  "time_script": 170.08688235282898,
  "token_script": 39615,
  "time_assessment": 125.19046473503113,
  "token_assessment": 29164
}