{
  "time_slides": 224.34590125083923,
  "token_slides": 50963,
  "time_script": 173.49823141098022,
  "token_script": 36921,
  "time_assessment": 128.33647513389587,
  "token_assessment": 27639
}