{
  "time_slides": 341.9628086090088,
  "token_slides": 65051,
  "time_script": 233.47146701812744,
  "token_script": 49840,
  "time_assessment": 153.64860272407532,
  "token_assessment": 34683
}