{
  "time_slides": 257.7061815261841,
  "token_slides": 55737,
  "time_script": 185.75837111473083,
  "token_script": 40610,
  "time_assessment": 140.51124215126038,
  "token_assessment": 29429
}