{
  "time_slides": 213.4512643814087,
  "token_slides": 43890,
  "time_script": 139.42886400222778,
  "token_script": 31069,
  "time_assessment": 97.94291973114014,
  "token_assessment": 22664
}