{
  "time_slides": 255.68890285491943,
  "token_slides": 52213,
  "time_script": 189.29212737083435,
  "token_script": 38879,
  "time_assessment": 125.00045776367188,
  "token_assessment": 27838
}