{
  "time_slides": 200.4700939655304,
  "token_slides": 43645,
  "time_script": 155.27149271965027,
  "token_script": 30526,
  "time_assessment": 110.85158562660217,
  "token_assessment": 22879
}