{
  "time_slides": 504.08166456222534,
  "token_slides": 66278,
  "time_script": 365.14360094070435,
  "token_script": 53646,
  "time_assessment": 219.345205783844,
  "token_assessment": 35147
}