{
  "time_slides": 352.1191005706787,
  "token_slides": 62683,
  "time_script": 241.5185317993164,
  "token_script": 50555,
  "time_assessment": 167.7741129398346,
  "token_assessment": 34268
}