{
  "time_slides": 384.65299558639526,
  "token_slides": 63352,
  "time_script": 307.33868384361267,
  "token_script": 51049,
  "time_assessment": 209.04898405075073,
  "token_assessment": 35141
}