{
  "time_slides": 415.0636308193207,
  "token_slides": 65719,
  "time_script": 290.68040108680725,
  "token_script": 52728,
  "time_assessment": 197.21930027008057,
  "token_assessment": 34802
}