{
  "time_slides": 461.84202218055725,
  "token_slides": 66257,
  "time_script": 334.79354977607727,
  "token_script": 54372,
  "time_assessment": 214.59424495697021,
  "token_assessment": 35162
}