{
  "time_slides": 429.5890531539917,
  "token_slides": 65455,
  "time_script": 310.3085675239563,
  "token_script": 53468,
  "time_assessment": 203.6022183895111,
  "token_assessment": 34771
}