{
  "time_slides": 357.7942068576813,
  "token_slides": 63571,
  "time_script": 239.62665939331055,
  "token_script": 50691,
  "time_assessment": 173.56698203086853,
  "token_assessment": 34672
}