{
  "time_slides": 404.77535939216614,
  "token_slides": 62782,
  "time_script": 304.4858672618866,
  "token_script": 51243,
  "time_assessment": 196.71664714813232,
  "token_assessment": 34558
}