{
  "time_slides": 382.12902665138245,
  "token_slides": 59675,
  "time_script": 260.1507067680359,
  "token_script": 46092,
  "time_assessment": 192.41770243644714,
  "token_assessment": 32849
}