{
  "time_slides": 524.6722233295441,
  "token_slides": 63072,
  "time_script": 355.62220549583435,
  "token_script": 50087,
  "time_assessment": 235.32169222831726,
  "token_assessment": 34244
}