{
  "time_slides": 384.9854643344879,
  "token_slides": 56892,
  "time_script": 254.89587664604187,
  "token_script": 45418,
  "time_assessment": 161.5363974571228,
  "token_assessment": 28381
}