{
  "time_slides": 388.49805521965027,
  "token_slides": 60543,
  "time_script": 282.8970832824707,
  "token_script": 48053,
  "time_assessment": 188.9372262954712,
  "token_assessment": 33173
}