{
  "time_slides": 482.10429310798645,
  "token_slides": 62292,
  "time_script": 341.54779529571533,
  "token_script": 50312,
  "time_assessment": 230.81831097602844,
  "token_assessment": 33738
}