{
  "time_slides": 491.03232192993164,
  "token_slides": 62738,
  "time_script": 345.7148690223694,
  "token_script": 49957,
  "time_assessment": 252.66020941734314,
  "token_assessment": 34377
}