{
  "time_slides": 417.05291175842285,
  "token_slides": 62856,
  "time_script": 284.2824823856354,
  "token_script": 49390,
  "time_assessment": 196.68446326255798,
  "token_assessment": 34327
}