{
  "time_slides": 490.5727252960205,
  "token_slides": 66412,
  "time_script": 316.88908553123474,
  "token_script": 53313,
  "time_assessment": 232.29947185516357,
  "token_assessment": 35383
}