{
  "time_slides": 452.6253414154053,
  "token_slides": 63294,
  "time_script": 308.21763801574707,
  "token_script": 50975,
  "time_assessment": 196.33204412460327,
  "token_assessment": 33133
}