{
  "time_slides": 244.1837775707245,
  "token_slides": 45460,
  "time_script": 167.59605479240417,
  "token_script": 31331,
  "time_assessment": 119.23920822143555,
  "token_assessment": 22267
}