{
  "time_slides": 316.2321391105652,
  "token_slides": 38068,
  "time_script": 225.1933617591858,
  "token_script": 30571,
  "time_assessment": 137.05228662490845,
  "token_assessment": 20425
}