{
  "time_slides": 309.68618416786194,
  "token_slides": 69669,
  "time_script": 225.54879093170166,
  "token_script": 53965,
  "time_assessment": 142.18324303627014,
  "token_assessment": 36417
}