{
  "time_slides": 178.91427946090698,
  "token_slides": 45181,
  "time_script": 129.15614223480225,
  "token_script": 31486,
  "time_assessment": 86.24045252799988,
  "token_assessment": 21688
}