{
  "time_slides": 358.1276683807373,
  "token_slides": 59709,
  "time_script": 251.49943566322327,
  "token_script": 49188,
  "time_assessment": 204.19760584831238,
  "token_assessment": 34021
}