{
  "time_slides": 204.9215533733368,
  "token_slides": 52509,
  "time_script": 138.118182182312,
  "token_script": 34692,
  "time_assessment": 92.2396011352539,
  "token_assessment": 24685
}