{
  "time_slides": 180.11554861068726,
  "token_slides": 46710,
  "time_script": 139.34721541404724,
  "token_script": 34596,
  "time_assessment": 84.8314061164856,
  "token_assessment": 22890
}