{
  "time_slides": 272.12570786476135,
  "token_slides": 65659,
  "time_script": 206.64414763450623,
  "token_script": 49628,
  "time_assessment": 147.15581011772156,
  "token_assessment": 35431
}