{
  "time_slides": 253.69918370246887,
  "token_slides": 55802,
  "time_script": 168.2165150642395,
  "token_script": 40515,
  "time_assessment": 107.71095252037048,
  "token_assessment": 26067
}