{
  "time_slides": 250.26228404045105,
  "token_slides": 36181,
  "time_script": 193.54399991035461,
  "token_script": 28347,
  "time_assessment": 145.1946141719818,
  "token_assessment": 19658
}