{
  "time_slides": 241.83748936653137,
  "token_slides": 48637,
  "time_script": 163.0648398399353,
  "token_script": 34521,
  "time_assessment": 115.73700547218323,
  "token_assessment": 23366
}