{
  "time_slides": 295.790607213974,
  "token_slides": 43894,
  "time_script": 219.05441999435425,
  "token_script": 32048,
  "time_assessment": 141.5768859386444,
  "token_assessment": 21350
}