{
  "time_slides": 287.81057381629944,
  "token_slides": 58748,
  "time_script": 218.49035239219666,
  "token_script": 44449,
  "time_assessment": 139.75492525100708,
  "token_assessment": 30498
}