{
  "time_slides": 364.7745478153229,
  "token_slides": 40635,
  "time_script": 266.06449246406555,
  "token_script": 33233,
  "time_assessment": 184.13739705085754,
  "token_assessment": 21710
}