{
  "time_slides": 177.3080916404724,
  "token_slides": 45247,
  "time_script": 140.4560670852661,
  "token_script": 31907,
  "time_assessment": 92.33223557472229,
  "token_assessment": 22036
}