{
  "time_slides": 322.4004645347595,
  "token_slides": 38464,
  "time_script": 202.96445298194885,
  "token_script": 29996,
  "time_assessment": 146.91709089279175,
  "token_assessment": 20488
}