{
  "time_slides": 165.434725522995,
  "token_slides": 43712,
  "time_script": 112.83269596099854,
  "token_script": 30212,
  "time_assessment": 77.7891092300415,
  "token_assessment": 20616
}