{
  "time_slides": 297.87228536605835,
  "token_slides": 40477,
  "time_script": 209.97544193267822,
  "token_script": 31739,
  "time_assessment": 153.38628959655762,
  "token_assessment": 21517
}