{
  "time_slides": 287.6678614616394,
  "token_slides": 39430,
  "time_script": 228.31099724769592,
  "token_script": 31718,
  "time_assessment": 143.7091145515442,
  "token_assessment": 21268
}