{
  "time_slides": 623.6623978614807,
  "token_slides": 70498,
  "time_script": 451.03422808647156,
  "token_script": 54926,
  "time_assessment": 290.30704140663147,
  "token_assessment": 37660
}