{
  "time_slides": 403.4729721546173,
  "token_slides": 63915,
  "time_script": 302.4737038612366,
  "token_script": 51718,
  "time_assessment": 218.4379367828369,
  "token_assessment": 34788
}