{
  "time_slides": 266.7765386104584,
  "token_slides": 54550,
  "time_script": 162.82805490493774,
  "token_script": 39958,
  "time_assessment": 114.62016224861145,
  "token_assessment": 27485
}