{
  "time_slides": 187.73826670646667,
  "token_slides": 46334,
  "time_script": 130.65024280548096,
  "token_script": 32435,
  "time_assessment": 88.89845561981201,
  "token_assessment": 22513
}