{
  "time_slides": 166.69234538078308,
  "token_slides": 44446,
  "time_script": 132.6989905834198,
  "token_script": 30583,
  "time_assessment": 90.88536524772644,
  "token_assessment": 22426
}