{
  "time_slides": 296.15495443344116,
  "token_slides": 40181,
  "time_script": 247.63795685768127,
  "token_script": 32915,
  "time_assessment": 170.05303406715393,
  "token_assessment": 21439
}