{
  "time_slides": 206.53395819664001,
  "token_slides": 44642,
  "time_script": 146.2012062072754,
  "token_script": 32105,
  "time_assessment": 104.46044063568115,
  "token_assessment": 22752
}