{
  "time_slides": 179.56340670585632,
  "token_slides": 39107,
  "time_script": 119.27688527107239,
  "token_script": 26327,
  "time_assessment": 85.61918497085571,
  "token_assessment": 19229
}