{
  "time_slides": 195.99215269088745,
  "token_slides": 40615,
  "time_script": 133.36625933647156,
  "token_script": 26842,
  "time_assessment": 99.43552565574646,
  "token_assessment": 20051
}