{
  "time_slides": 241.1821539402008,
  "token_slides": 47761,
  "time_script": 175.74653840065002,
  "token_script": 33509,
  "time_assessment": 118.0087456703186,
  "token_assessment": 23727
}