{
  "time_slides": 221.374680519104,
  "token_slides": 47990,
  "time_script": 170.67688703536987,
  "token_script": 34954,
  "time_assessment": 95.57771706581116,
  "token_assessment": 23927
}