{
  "time_slides": 163.4993817806244,
  "token_slides": 35952,
  "time_script": 105.07870984077454,
  "token_script": 22956,
  "time_assessment": 82.30790519714355,
  "token_assessment": 16198
}