{
  "time_slides": 206.1526551246643,
  "token_slides": 43013,
  "time_script": 140.06324195861816,
  "token_script": 29987,
  "time_assessment": 95.76275062561035,
  "token_assessment": 21963
}