{
  "time_slides": 255.0772979259491,
  "token_slides": 53060,
  "time_script": 172.2955949306488,
  "token_script": 39095,
  "time_assessment": 142.78638744354248,
  "token_assessment": 27806
}