{
  "time_slides": 210.20662450790405,
  "token_slides": 43591,
  "time_script": 149.4649555683136,
  "token_script": 30040,
  "time_assessment": 102.54639983177185,
  "token_assessment": 21828
}