{
  "time_slides": 214.73658084869385,
  "token_slides": 48580,
  "time_script": 152.1390175819397,
  "token_script": 34947,
  "time_assessment": 114.5369656085968,
  "token_assessment": 25288
}