{
  "time_slides": 272.2209630012512,
  "token_slides": 55983,
  "time_script": 197.92052960395813,
  "token_script": 41682,
  "time_assessment": 124.95124888420105,
  "token_assessment": 28766
}