{
  "time_slides": 217.683345079422,
  "token_slides": 45267,
  "time_script": 145.0272238254547,
  "token_script": 32115,
  "time_assessment": 98.28358292579651,
  "token_assessment": 23028
}