{
  "time_slides": 161.51986169815063,
  "token_slides": 37937,
  "time_script": 115.37552952766418,
  "token_script": 25139,
  "time_assessment": 80.19705986976624,
  "token_assessment": 18370
}