{
  "time_slides": 235.1156530380249,
  "token_slides": 61022,
  "time_script": 178.11540484428406,
  "token_script": 44870,
  "time_assessment": 117.9717378616333,
  "token_assessment": 31196
}