{
  "time_slides": 287.12573647499084,
  "token_slides": 40225,
  "time_script": 199.17356324195862,
  "token_script": 32522,
  "time_assessment": 126.33042502403259,
  "token_assessment": 21035
}