{
  "time_slides": 254.73030519485474,
  "token_slides": 39395,
  "time_script": 170.57755041122437,
  "token_script": 30567,
  "time_assessment": 136.3070523738861,
  "token_assessment": 20918
}