{
  "time_slides": 263.12699913978577,
  "token_slides": 39954,
  "time_script": 194.37430596351624,
  "token_script": 31662,
  "time_assessment": 128.41934895515442,
  "token_assessment": 22065
}