{
  "time_slides": 258.91614747047424,
  "token_slides": 37936,
  "time_script": 190.7579002380371,
  "token_script": 29187,
  "time_assessment": 145.9049015045166,
  "token_assessment": 20470
}