{
  "time_slides": 250.92858505249023,
  "token_slides": 38953,
  "time_script": 192.3145797252655,
  "token_script": 30495,
  "time_assessment": 139.98139667510986,
  "token_assessment": 21742
}