{
  "time_slides": 247.93674993515015,
  "token_slides": 38929,
  "time_script": 175.82266283035278,
  "token_script": 29270,
  "time_assessment": 147.84411001205444,
  "token_assessment": 21003
}