{
  "time_slides": 306.2269730567932,
  "token_slides": 40615,
  "time_script": 220.96692442893982,
  "token_script": 31156,
  "time_assessment": 144.86523270606995,
  "token_assessment": 21061
}