{
  "time_slides": 258.6558961868286,
  "token_slides": 39771,
  "time_script": 176.56518745422363,
  "token_script": 30587,
  "time_assessment": 133.5764307975769,
  "token_assessment": 21841
}