{
  "time_slides": 309.01455545425415,
  "token_slides": 39643,
  "time_script": 226.3914315700531,
  "token_script": 32838,
  "time_assessment": 136.14912724494934,
  "token_assessment": 20812
}