{
  "time_slides": 266.9036452770233,
  "token_slides": 40901,
  "time_script": 192.57471823692322,
  "token_script": 32112,
  "time_assessment": 137.7859447002411,
  "token_assessment": 21694
}