{
  "time_slides": 309.9699194431305,
  "token_slides": 40898,
  "time_script": 197.28483819961548,
  "token_script": 31528,
  "time_assessment": 147.62019991874695,
  "token_assessment": 21489
}