{
  "time_slides": 273.43618845939636,
  "token_slides": 40127,
  "time_script": 195.11070084571838,
  "token_script": 31799,
  "time_assessment": 131.3345627784729,
  "token_assessment": 21887
}