{
  "time_slides": 302.73670268058777,
  "token_slides": 44759,
  "time_script": 216.9946253299713,
  "token_script": 36019,
  "time_assessment": 141.9323856830597,
  "token_assessment": 23256
}