{
  "time_slides": 261.56699442863464,
  "token_slides": 39095,
  "time_script": 188.00006985664368,
  "token_script": 30201,
  "time_assessment": 132.3744740486145,
  "token_assessment": 21083
}