{
  "time_slides": 242.96735191345215,
  "token_slides": 59332,
  "time_script": 171.62897849082947,
  "token_script": 42786,
  "time_assessment": 121.79986882209778,
  "token_assessment": 30823
}