{
  "time_slides": 260.5641520023346,
  "token_slides": 39030,
  "time_script": 182.1797878742218,
  "token_script": 30911,
  "time_assessment": 154.2863802909851,
  "token_assessment": 20945
}