{
  "time_slides": 275.4746217727661,
  "token_slides": 42227,
  "time_script": 183.82090878486633,
  "token_script": 33277,
  "time_assessment": 134.16616034507751,
  "token_assessment": 21878
}