{
  "time_slides": 254.12641143798828,
  "token_slides": 38667,
  "time_script": 185.06476974487305,
  "token_script": 30676,
  "time_assessment": 136.4263346195221,
  "token_assessment": 20661
}