{
  "time_slides": 264.3027322292328,
  "token_slides": 41349,
  "time_script": 193.10282135009766,
  "token_script": 32806,
  "time_assessment": 132.14921164512634,
  "token_assessment": 21672
}