{
  "time_slides": 252.6004695892334,
  "token_slides": 38336,
  "time_script": 162.48753142356873,
  "token_script": 29887,
  "time_assessment": 119.58218789100647,
  "token_assessment": 20409
}