{
  "time_slides": 237.1016547679901,
  "token_slides": 37407,
  "time_script": 173.21148443222046,
  "token_script": 29521,
  "time_assessment": 113.7032220363617,
  "token_assessment": 19801
}