{
  "time_slides": 254.82323288917542,
  "token_slides": 38329,
  "time_script": 204.96768140792847,
  "token_script": 30592,
  "time_assessment": 123.87586307525635,
  "token_assessment": 20344
}