{
  "time_slides": 319.58868432044983,
  "token_slides": 41227,
  "time_script": 225.52557396888733,
  "token_script": 33580,
  "time_assessment": 138.63386964797974,
  "token_assessment": 21125
}