{
  "time_slides": 307.2330379486084,
  "token_slides": 37990,
  "time_script": 200.8066713809967,
  "token_script": 29929,
  "time_assessment": 152.7054009437561,
  "token_assessment": 20246
}