{
  "time_slides": 259.0181231498718,
  "token_slides": 38081,
  "time_script": 193.7555229663849,
  "token_script": 29728,
  "time_assessment": 117.19460535049438,
  "token_assessment": 20195
}