{
  "time_slides": 277.04975628852844,
  "token_slides": 38726,
  "time_script": 199.06611466407776,
  "token_script": 30753,
  "time_assessment": 135.431494474411,
  "token_assessment": 20586
}