{
  "time_slides": 273.8543236255646,
  "token_slides": 38981,
  "time_script": 197.79957580566406,
  "token_script": 30634,
  "time_assessment": 148.13680577278137,
  "token_assessment": 20550
}