{
  "time_slides": 312.31349325180054,
  "token_slides": 40655,
  "time_script": 258.42283868789673,
  "token_script": 33637,
  "time_assessment": 137.22677874565125,
  "token_assessment": 21092
}