{
  "time_slides": 229.53509521484375,
  "token_slides": 36047,
  "time_script": 163.5048966407776,
  "token_script": 27877,
  "time_assessment": 119.2823224067688,
  "token_assessment": 19758
}