{
  "time_slides": 252.47913193702698,
  "token_slides": 37760,
  "time_script": 170.83991479873657,
  "token_script": 28315,
  "time_assessment": 129.802805185318,
  "token_assessment": 20349
}