{
  "time_slides": 507.4917507171631,
  "token_slides": 65045,
  "time_script": 348.61466574668884,
  "token_script": 50625,
  "time_assessment": 245.6109974384308,
  "token_assessment": 34486
}