{
  "time_slides": 184.47374272346497,
  "token_slides": 48001,
  "time_script": 135.76810908317566,
  "token_script": 33647,
  "time_assessment": 98.56493902206421,
  "token_assessment": 23558
}