{
  "time_slides": 184.7240114212036,
  "token_slides": 43470,
  "time_script": 129.47808122634888,
  "token_script": 30667,
  "time_assessment": 103.1767168045044,
  "token_assessment": 20808
}