{
  "time_slides": 228.90840125083923,
  "token_slides": 48463,
  "time_script": 177.25996017456055,
  "token_script": 34950,
  "time_assessment": 121.63357591629028,
  "token_assessment": 24365
}