{
  "time_slides": 297.46141958236694,
  "token_slides": 45276,
  "time_script": 219.07336616516113,
  "token_script": 30827,
  "time_assessment": 166.46197271347046,
  "token_assessment": 22451
}