{
  "time_slides": 248.17327427864075,
  "token_slides": 56491,
  "time_script": 183.72344183921814,
  "token_script": 42850,
  "time_assessment": 111.65037131309509,
  "token_assessment": 29028
}