{
  "time_slides": 74.66990852355957,
  "token_slides": 21625,
  "time_script": 42.37395620346069,
  "token_script": 10021,
  "time_assessment": 31.004032373428345,
  "token_assessment": 7314
}