{
  "time_slides": 163.40264296531677,
  "token_slides": 41985,
  "time_script": 119.09677696228027,
  "token_script": 29392,
  "time_assessment": 76.07647562026978,
  "token_assessment": 19930
}