{
  "time_slides": 373.45378017425537,
  "token_slides": 61239,
  "time_script": 270.9590094089508,
  "token_script": 50185,
  "time_assessment": 177.0684130191803,
  "token_assessment": 31864
}