{
  "time_slides": 278.7391173839569,
  "token_slides": 55041,
  "time_script": 194.94288992881775,
  "token_script": 40661,
  "time_assessment": 127.71139764785767,
  "token_assessment": 27321
}