{
  "time_slides": 258.90980339050293,
  "token_slides": 37884,
  "time_script": 186.5986785888672,
  "token_script": 28736,
  "time_assessment": 124.5322253704071,
  "token_assessment": 20134
}