{
  "time_slides": 253.67812657356262,
  "token_slides": 58705,
  "time_script": 176.66818952560425,
  "token_script": 44431,
  "time_assessment": 121.19572901725769,
  "token_assessment": 30215
}