{
  "time_slides": 324.4172806739807,
  "token_slides": 71092,
  "time_script": 232.1508960723877,
  "token_script": 54779,
  "time_assessment": 145.30090522766113,
  "token_assessment": 36535
}