{
  "time_slides": 241.87165880203247,
  "token_slides": 45324,
  "time_script": 169.5895173549652,
  "token_script": 32020,
  "time_assessment": 107.72165536880493,
  "token_assessment": 21932
}