{
  "time_slides": 232.23553943634033,
  "token_slides": 36147,
  "time_script": 184.112140417099,
  "token_script": 28678,
  "time_assessment": 139.0335066318512,
  "token_assessment": 19973
}