{
  "time_slides": 575.4522233009338,
  "token_slides": 74003,
  "time_script": 416.5009574890137,
  "token_script": 58287,
  "time_assessment": 263.0604660511017,
  "token_assessment": 37017
}