{
  "time_slides": 199.61265754699707,
  "token_slides": 46330,
  "time_script": 172.87470364570618,
  "token_script": 35091,
  "time_assessment": 101.30608534812927,
  "token_assessment": 22513
}