{
  "time_slides": 191.65041375160217,
  "token_slides": 47389,
  "time_script": 129.67683005332947,
  "token_script": 32016,
  "time_assessment": 83.62692499160767,
  "token_assessment": 22195
}