{
  "time_slides": 272.62445402145386,
  "token_slides": 38497,
  "time_script": 176.91263818740845,
  "token_script": 28996,
  "time_assessment": 135.01265120506287,
  "token_assessment": 20699
}