{
  "time_slides": 173.8327910900116,
  "token_slides": 47310,
  "time_script": 116.31396651268005,
  "token_script": 31857,
  "time_assessment": 76.22492456436157,
  "token_assessment": 22316
}