{
  "time_slides": 544.2081253528595,
  "token_slides": 68353,
  "time_script": 380.67886781692505,
  "token_script": 52707,
  "time_assessment": 271.850994348526,
  "token_assessment": 37488
}