{
  "time_slides": 320.56098675727844,
  "token_slides": 41600,
  "time_script": 279.1070990562439,
  "token_script": 33109,
  "time_assessment": 169.2939064502716,
  "token_assessment": 22295
}