{
  "time_slides": 290.13325476646423,
  "token_slides": 67421,
  "time_script": 205.59552383422852,
  "token_script": 51016,
  "time_assessment": 168.81638860702515,
  "token_assessment": 38071
}