{
  "time_slides": 307.06984972953796,
  "token_slides": 37749,
  "time_script": 213.7596640586853,
  "token_script": 30912,
  "time_assessment": 149.8118314743042,
  "token_assessment": 20252
}