{
  "time_slides": 245.21675634384155,
  "token_slides": 56497,
  "time_script": 176.1960413455963,
  "token_script": 42102,
  "time_assessment": 110.82310104370117,
  "token_assessment": 27636
}