{
  "time_slides": 278.1547462940216,
  "token_slides": 61910,
  "time_script": 223.63132882118225,
  "token_script": 47247,
  "time_assessment": 155.12427949905396,
  "token_assessment": 34519
}