{
  "time_slides": 334.4018452167511,
  "token_slides": 67380,
  "time_script": 243.36272048950195,
  "token_script": 53871,
  "time_assessment": 164.38441109657288,
  "token_assessment": 36247
}