{
  "time_slides": 212.15779399871826,
  "token_slides": 47186,
  "time_script": 157.35476183891296,
  "token_script": 32241,
  "time_assessment": 109.45513153076172,
  "token_assessment": 24097
}