{
  "time_slides": 78.72604084014893,
  "token_slides": 20830,
  "time_script": 44.84006404876709,
  "token_script": 9884,
  "time_assessment": 32.53620171546936,
  "token_assessment": 7374
}