{
  "time_slides": 141.42326617240906,
  "token_slides": 34940,
  "time_script": 89.9836483001709,
  "token_script": 22622,
  "time_assessment": 71.41160106658936,
  "token_assessment": 16458
}