{
  "time_slides": 254.11651587486267,
  "token_slides": 51850,
  "time_script": 168.4953589439392,
  "token_script": 37642,
  "time_assessment": 130.68378019332886,
  "token_assessment": 26227
}