{
  "time_slides": 335.8369297981262,
  "token_slides": 70423,
  "time_script": 230.9420313835144,
  "token_script": 52835,
  "time_assessment": 163.26691484451294,
  "token_assessment": 36833
}