{
  "time_slides": 151.69908547401428,
  "token_slides": 36131,
  "time_script": 109.27699303627014,
  "token_script": 23815,
  "time_assessment": 70.73023390769958,
  "token_assessment": 16737
}