{
  "time_slides": 188.5734941959381,
  "token_slides": 41163,
  "time_script": 144.2178339958191,
  "token_script": 28596,
  "time_assessment": 98.1878399848938,
  "token_assessment": 18940
}