{
  "time_slides": 231.49079942703247,
  "token_slides": 47825,
  "time_script": 150.3407232761383,
  "token_script": 33804,
  "time_assessment": 105.43486523628235,
  "token_assessment": 24123
}