{
  "time_slides": 215.73274850845337,
  "token_slides": 46749,
  "time_script": 155.56254196166992,
  "token_script": 33213,
  "time_assessment": 116.9007043838501,
  "token_assessment": 23405
}