{
  "time_slides": 268.2594130039215,
  "token_slides": 49779,
  "time_script": 165.81481194496155,
  "token_script": 36003,
  "time_assessment": 118.31115531921387,
  "token_assessment": 24479
}