{
  "time_slides": 329.5500638484955,
  "token_slides": 62230,
  "time_script": 232.4503378868103,
  "token_script": 47120,
  "time_assessment": 159.6316933631897,
  "token_assessment": 32472
}