{
  "time_slides": 365.6892590522766,
  "token_slides": 67240,
  "time_script": 254.36433053016663,
  "token_script": 53599,
  "time_assessment": 158.88975763320923,
  "token_assessment": 34970
}