{
  "time_slides": 205.0364625453949,
  "token_slides": 45212,
  "time_script": 161.56945085525513,
  "token_script": 32699,
  "time_assessment": 104.99040794372559,
  "token_assessment": 21886
}