{
  "time_slides": 207.92260479927063,
  "token_slides": 44877,
  "time_script": 136.87162160873413,
  "token_script": 30771,
  "time_assessment": 112.62644100189209,
  "token_assessment": 21333
}