{
  "time_slides": 186.91444420814514,
  "token_slides": 44131,
  "time_script": 138.21969652175903,
  "token_script": 30548,
  "time_assessment": 107.77864360809326,
  "token_assessment": 22209
}