{
  "time_slides": 151.04240584373474,
  "token_slides": 41213,
  "time_script": 110.61530542373657,
  "token_script": 27692,
  "time_assessment": 71.02461171150208,
  "token_assessment": 19568
}