{
  "time_slides": 277.6509120464325,
  "token_slides": 37272,
  "time_script": 210.5995888710022,
  "token_script": 28522,
  "time_assessment": 148.59420466423035,
  "token_assessment": 20464
}