{
  "time_slides": 346.51100063323975,
  "token_slides": 68236,
  "time_script": 216.309157371521,
  "token_script": 50466,
  "time_assessment": 155.7109706401825,
  "token_assessment": 37099
}