{
  "time_slides": 291.236243724823,
  "token_slides": 37643,
  "time_script": 184.9798822402954,
  "token_script": 30900,
  "time_assessment": 128.59424662590027,
  "token_assessment": 20705
}