{
  "time_slides": 185.5922131538391,
  "token_slides": 41543,
  "time_script": 123.03187322616577,
  "token_script": 27328,
  "time_assessment": 82.99660277366638,
  "token_assessment": 20244
}