{
  "time_slides": 134.7818877696991,
  "token_slides": 34969,
  "time_script": 87.51279616355896,
  "token_script": 21929,
  "time_assessment": 64.6720175743103,
  "token_assessment": 15820
}