{
  "time_slides": 131.2272927761078,
  "token_slides": 31795,
  "time_script": 95.03414988517761,
  "token_script": 19190,
  "time_assessment": 66.4669542312622,
  "token_assessment": 14173
}