{
  "time_slides": 238.8481101989746,
  "token_slides": 48868,
  "time_script": 174.20950388908386,
  "token_script": 35294,
  "time_assessment": 112.18992352485657,
  "token_assessment": 22370
}