{
  "time_slides": 186.53955912590027,
  "token_slides": 42614,
  "time_script": 134.33270168304443,
  "token_script": 28816,
  "time_assessment": 87.04963326454163,
  "token_assessment": 20262
}