{
  "time_slides": 297.20904517173767,
  "token_slides": 59089,
  "time_script": 204.58947348594666,
  "token_script": 41884,
  "time_assessment": 129.46002388000488,
  "token_assessment": 28860
}