{
  "time_slides": 212.60256695747375,
  "token_slides": 47958,
  "time_script": 156.33062076568604,
  "token_script": 34283,
  "time_assessment": 100.17758870124817,
  "token_assessment": 24025
}