{
  "time_slides": 202.62112379074097,
  "token_slides": 45062,
  "time_script": 146.8673915863037,
  "token_script": 30873,
  "time_assessment": 90.93018221855164,
  "token_assessment": 22053
}