{
  "time_slides": 218.39210963249207,
  "token_slides": 46827,
  "time_script": 154.83408856391907,
  "token_script": 32316,
  "time_assessment": 90.98770833015442,
  "token_assessment": 21784
}