{
  "time_slides": 165.07544803619385,
  "token_slides": 37347,
  "time_script": 103.54523491859436,
  "token_script": 23665,
  "time_assessment": 83.35366988182068,
  "token_assessment": 18087
}