{
  "time_slides": 217.73127603530884,
  "token_slides": 46879,
  "time_script": 141.32861948013306,
  "token_script": 32868,
  "time_assessment": 105.89439225196838,
  "token_assessment": 23708
}