{
  "time_slides": 181.51997327804565,
  "token_slides": 43458,
  "time_script": 129.66738319396973,
  "token_script": 29632,
  "time_assessment": 87.9474675655365,
  "token_assessment": 20846
}