{
  "time_slides": 215.9695746898651,
  "token_slides": 45594,
  "time_script": 154.74789428710938,
  "token_script": 32430,
  "time_assessment": 97.03536057472229,
  "token_assessment": 21840
}