{
  "time_slides": 222.71638226509094,
  "token_slides": 55194,
  "time_script": 160.65778374671936,
  "token_script": 40175,
  "time_assessment": 104.69141459465027,
  "token_assessment": 27251
}