{
  "time_slides": 288.927663564682,
  "token_slides": 38937,
  "time_script": 242.6592836380005,
  "token_script": 31597,
  "time_assessment": 148.3793022632599,
  "token_assessment": 21031
}