{
  "time_slides": 268.5247449874878,
  "token_slides": 64412,
  "time_script": 194.97920155525208,
  "token_script": 48142,
  "time_assessment": 148.5908317565918,
  "token_assessment": 35843
}