{
  "time_slides": 245.38125133514404,
  "token_slides": 62996,
  "time_script": 180.39935946464539,
  "token_script": 46769,
  "time_assessment": 131.89569664001465,
  "token_assessment": 33885
}