{
  "time_slides": 325.93427753448486,
  "token_slides": 70410,
  "time_script": 248.55890154838562,
  "token_script": 55231,
  "time_assessment": 147.02537393569946,
  "token_assessment": 36958
}