{
  "time_slides": 325.59242486953735,
  "token_slides": 64643,
  "time_script": 235.65915608406067,
  "token_script": 50259,
  "time_assessment": 150.76275253295898,
  "token_assessment": 32627
}