{
  "time_slides": 250.8394160270691,
  "token_slides": 57733,
  "time_script": 172.30430817604065,
  "token_script": 42002,
  "time_assessment": 115.3006546497345,
  "token_assessment": 29386
}