{
  "time_slides": 228.8432583808899,
  "token_slides": 47795,
  "time_script": 151.9079008102417,
  "token_script": 33302,
  "time_assessment": 113.85609912872314,
  "token_assessment": 23659
}