{
  "time_slides": 195.45404314994812,
  "token_slides": 43908,
  "time_script": 124.48077178001404,
  "token_script": 29698,
  "time_assessment": 86.29436588287354,
  "token_assessment": 21556
}