{
  "time_slides": 87.83143973350525,
  "token_slides": 22911,
  "time_script": 47.4622700214386,
  "token_script": 11186,
  "time_assessment": 36.81642413139343,
  "token_assessment": 7754
}