{
  "time_slides": 277.7542703151703,
  "token_slides": 52090,
  "time_script": 177.8292829990387,
  "token_script": 38715,
  "time_assessment": 97.94444704055786,
  "token_assessment": 25398
}