{
  "time_slides": 206.4464726448059,
  "token_slides": 49207,
  "time_script": 141.44738221168518,
  "token_script": 34860,
  "time_assessment": 94.78989171981812,
  "token_assessment": 23680
}