{
  "time_slides": 246.76226830482483,
  "token_slides": 55574,
  "time_script": 184.56487584114075,
  "token_script": 40293,
  "time_assessment": 134.19451189041138,
  "token_assessment": 29003
}