{
  "time_slides": 168.67179822921753,
  "token_slides": 41436,
  "time_script": 122.7364399433136,
  "token_script": 28029,
  "time_assessment": 87.47267270088196,
  "token_assessment": 19820
}