{
  "time_slides": 334.34868121147156,
  "token_slides": 66909,
  "time_script": 227.34580755233765,
  "token_script": 51487,
  "time_assessment": 160.07453966140747,
  "token_assessment": 36147
}