{
  "time_slides": 261.3165078163147,
  "token_slides": 55371,
  "time_script": 181.4977903366089,
  "token_script": 40789,
  "time_assessment": 125.49853825569153,
  "token_assessment": 28241
}