{
  "time_slides": 256.5609641075134,
  "token_slides": 55583,
  "time_script": 177.1453731060028,
  "token_script": 40448,
  "time_assessment": 124.77149677276611,
  "token_assessment": 28217
}