{
  "time_slides": 291.5699043273926,
  "token_slides": 58254,
  "time_script": 226.03134775161743,
  "token_script": 44542,
  "time_assessment": 132.5588345527649,
  "token_assessment": 30041
}