{
  "time_slides": 202.0451798439026,
  "token_slides": 49202,
  "time_script": 149.37349724769592,
  "token_script": 35210,
  "time_assessment": 115.90946316719055,
  "token_assessment": 25121
}