{
  "time_slides": 229.97255563735962,
  "token_slides": 49759,
  "time_script": 164.91921019554138,
  "token_script": 36141,
  "time_assessment": 111.15452885627747,
  "token_assessment": 25178
}