{
  "time_slides": 283.6521725654602,
  "token_slides": 58216,
  "time_script": 177.56717038154602,
  "token_script": 42111,
  "time_assessment": 137.26651120185852,
  "token_assessment": 30009
}