{
  "time_slides": 406.09238719940186,
  "token_slides": 58291,
  "time_script": 274.8042995929718,
  "token_script": 45502,
  "time_assessment": 206.2237045764923,
  "token_assessment": 31479
}