{
  "time_slides": 269.90307354927063,
  "token_slides": 38297,
  "time_script": 193.38536024093628,
  "token_script": 30671,
  "time_assessment": 143.2517499923706,
  "token_assessment": 20437
}