{
  "time_slides": 273.6427776813507,
  "token_slides": 57754,
  "time_script": 195.2057065963745,
  "token_script": 43125,
  "time_assessment": 126.9196105003357,
  "token_assessment": 28713
}