{
  "time_slides": 200.9082932472229,
  "token_slides": 45170,
  "time_script": 131.44771265983582,
  "token_script": 30696,
  "time_assessment": 104.27396297454834,
  "token_assessment": 22351
}