{
  "time_slides": 166.3212332725525,
  "token_slides": 40742,
  "time_script": 120.79010963439941,
  "token_script": 27076,
  "time_assessment": 92.88103175163269,
  "token_assessment": 20414
}