{
  "time_slides": 248.50244402885437,
  "token_slides": 55459,
  "time_script": 173.68873643875122,
  "token_script": 39468,
  "time_assessment": 124.78484416007996,
  "token_assessment": 27840
}