{
  "time_slides": 239.47620749473572,
  "token_slides": 48060,
  "time_script": 174.30221390724182,
  "token_script": 34073,
  "time_assessment": 109.28273892402649,
  "token_assessment": 23823
}