{
  "time_slides": 230.98067665100098,
  "token_slides": 48465,
  "time_script": 154.35949683189392,
  "token_script": 34031,
  "time_assessment": 107.67705941200256,
  "token_assessment": 23874
}