{
  "time_slides": 281.74129128456116,
  "token_slides": 57655,
  "time_script": 191.0159044265747,
  "token_script": 41075,
  "time_assessment": 122.43029952049255,
  "token_assessment": 28698
}