{
  "time_slides": 266.2108385562897,
  "token_slides": 53670,
  "time_script": 186.27281761169434,
  "token_script": 38788,
  "time_assessment": 113.36281824111938,
  "token_assessment": 26577
}