{
  "time_slides": 233.85417199134827,
  "token_slides": 48715,
  "time_script": 152.72736287117004,
  "token_script": 34086,
  "time_assessment": 104.4368040561676,
  "token_assessment": 23746
}