{
  "time_slides": 121.54019451141357,
  "token_slides": 33382,
  "time_script": 93.27243375778198,
  "token_script": 21242,
  "time_assessment": 67.86291480064392,
  "token_assessment": 15787
}