{
  "time_slides": 299.5797574520111,
  "token_slides": 61930,
  "time_script": 207.0663640499115,
  "token_script": 46296,
  "time_assessment": 140.34954953193665,
  "token_assessment": 31901
}