{
  "time_slides": 224.84495973587036,
  "token_slides": 50337,
  "time_script": 162.7112696170807,
  "token_script": 36260,
  "time_assessment": 119.17008352279663,
  "token_assessment": 25506
}