{
  "time_slides": 247.11423349380493,
  "token_slides": 50574,
  "time_script": 161.70712208747864,
  "token_script": 34990,
  "time_assessment": 116.40776753425598,
  "token_assessment": 25813
}