{
  "time_slides": 366.673686504364,
  "token_slides": 66225,
  "time_script": 239.01836109161377,
  "token_script": 50218,
  "time_assessment": 171.93052697181702,
  "token_assessment": 33734
}