{
  "time_slides": 269.7077305316925,
  "token_slides": 55885,
  "time_script": 179.3250527381897,
  "token_script": 40449,
  "time_assessment": 131.2291615009308,
  "token_assessment": 27878
}