{
  "time_slides": 303.47891998291016,
  "token_slides": 40263,
  "time_script": 190.53060698509216,
  "token_script": 30484,
  "time_assessment": 145.60322666168213,
  "token_assessment": 21681
}