{
  "time_slides": 305.1513798236847,
  "token_slides": 45554,
  "time_script": 204.9672873020172,
  "token_script": 32818,
  "time_assessment": 149.6972484588623,
  "token_assessment": 21912
}