{
  "time_slides": 244.49302768707275,
  "token_slides": 56450,
  "time_script": 176.35322380065918,
  "token_script": 40358,
  "time_assessment": 110.29893350601196,
  "token_assessment": 28463
}