{
  "time_slides": 233.90581035614014,
  "token_slides": 48546,
  "time_script": 164.67582297325134,
  "token_script": 35562,
  "time_assessment": 117.38090443611145,
  "token_assessment": 24120
}