{
  "time_slides": 228.22782611846924,
  "token_slides": 49830,
  "time_script": 166.92341947555542,
  "token_script": 37343,
  "time_assessment": 97.38013696670532,
  "token_assessment": 24655
}