{
  "time_slides": 278.3801589012146,
  "token_slides": 35292,
  "time_script": 215.38578009605408,
  "token_script": 28689,
  "time_assessment": 153.42483258247375,
  "token_assessment": 19936
}