{
  "time_slides": 440.82200741767883,
  "token_slides": 62676,
  "time_script": 315.8092198371887,
  "token_script": 49600,
  "time_assessment": 241.0654079914093,
  "token_assessment": 33901
}