{
  "time_slides": 287.7289888858795,
  "token_slides": 37150,
  "time_script": 219.3949327468872,
  "token_script": 30284,
  "time_assessment": 135.4915759563446,
  "token_assessment": 20059
}