{
  "time_slides": 286.81617307662964,
  "token_slides": 36005,
  "time_script": 219.52530336380005,
  "token_script": 29466,
  "time_assessment": 152.00015377998352,
  "token_assessment": 20351
}