{
  "time_slides": 295.55660462379456,
  "token_slides": 69432,
  "time_script": 206.11069703102112,
  "token_script": 52166,
  "time_assessment": 145.31556916236877,
  "token_assessment": 37012
}