{
  "time_slides": 313.0131230354309,
  "token_slides": 39677,
  "time_script": 232.779700756073,
  "token_script": 32460,
  "time_assessment": 160.19622349739075,
  "token_assessment": 20976
}