{
  "time_slides": 207.64871191978455,
  "token_slides": 45008,
  "time_script": 139.54517936706543,
  "token_script": 31466,
  "time_assessment": 96.59804677963257,
  "token_assessment": 22120
}