{
  "time_slides": 443.11724877357483,
  "token_slides": 64409,
  "time_script": 288.031209230423,
  "token_script": 52134,
  "time_assessment": 197.5763885974884,
  "token_assessment": 34873
}