{
  "time_slides": 333.78298902511597,
  "token_slides": 72405,
  "time_script": 231.9350621700287,
  "token_script": 52069,
  "time_assessment": 167.54640460014343,
  "token_assessment": 37198
}