{
  "time_slides": 338.8753921985626,
  "token_slides": 71966,
  "time_script": 235.0248498916626,
  "token_script": 52984,
  "time_assessment": 157.83335757255554,
  "token_assessment": 37115
}