{
  "time_slides": 245.05721044540405,
  "token_slides": 58511,
  "time_script": 167.19057536125183,
  "token_script": 41272,
  "time_assessment": 118.33110666275024,
  "token_assessment": 29026
}