{
  "time_slides": 333.6062066555023,
  "token_slides": 74243,
  "time_script": 240.0869746208191,
  "token_script": 54760,
  "time_assessment": 151.50954389572144,
  "token_assessment": 37633
}