{
  "time_slides": 268.19549441337585,
  "token_slides": 59710,
  "time_script": 199.9443554878235,
  "token_script": 42024,
  "time_assessment": 117.424476146698,
  "token_assessment": 29001
}