{
  "time_slides": 335.2746112346649,
  "token_slides": 67984,
  "time_script": 226.7506251335144,
  "token_script": 49113,
  "time_assessment": 139.34124517440796,
  "token_assessment": 34627
}