{
  "time_slides": 305.13173508644104,
  "token_slides": 61394,
  "time_script": 225.4714276790619,
  "token_script": 44375,
  "time_assessment": 123.99380731582642,
  "token_assessment": 30011
}