{
  "time_slides": 197.64187908172607,
  "token_slides": 51471,
  "time_script": 138.40210509300232,
  "token_script": 37288,
  "time_assessment": 93.74196791648865,
  "token_assessment": 25376
}