{
  "time_slides": 176.78427362442017,
  "token_slides": 45384,
  "time_script": 123.1737539768219,
  "token_script": 32267,
  "time_assessment": 89.52098846435547,
  "token_assessment": 22812
}