{
  "time_slides": 321.6063435077667,
  "token_slides": 66779,
  "time_script": 230.8369448184967,
  "token_script": 48658,
  "time_assessment": 155.7919750213623,
  "token_assessment": 36761
}