{
  "time_slides": 293.48525857925415,
  "token_slides": 64094,
  "time_script": 207.51080536842346,
  "token_script": 45757,
  "time_assessment": 155.0020673274994,
  "token_assessment": 34962
}