{
  "time_slides": 293.3799090385437,
  "token_slides": 67825,
  "time_script": 221.46710181236267,
  "token_script": 50769,
  "time_assessment": 154.10757279396057,
  "token_assessment": 35908
}