{
  "time_slides": 238.89067840576172,
  "token_slides": 66509,
  "time_script": 179.48711800575256,
  "token_script": 50387,
  "time_assessment": 126.56783652305603,
  "token_assessment": 35809
}