{
  "time_slides": 332.1182179450989,
  "token_slides": 67337,
  "time_script": 221.1321725845337,
  "token_script": 48949,
  "time_assessment": 156.51195526123047,
  "token_assessment": 34770
}