{
  "time_slides": 311.81396889686584,
  "token_slides": 70180,
  "time_script": 243.1967134475708,
  "token_script": 52672,
  "time_assessment": 144.24851655960083,
  "token_assessment": 36986
}