{
  "time_slides": 380.4960741996765,
  "token_slides": 68275,
  "time_script": 259.83188343048096,
  "token_script": 51626,
  "time_assessment": 182.84118676185608,
  "token_assessment": 35849
}