{
  "time_slides": 321.04417634010315,
  "token_slides": 66801,
  "time_script": 225.62374186515808,
  "token_script": 49682,
  "time_assessment": 180.2549111843109,
  "token_assessment": 36604
}