{
  "time_slides": 339.3019268512726,
  "token_slides": 67715,
  "time_script": 246.27123498916626,
  "token_script": 52162,
  "time_assessment": 161.76115775108337,
  "token_assessment": 36457
}