{
  "time_slides": 301.03195905685425,
  "token_slides": 68326,
  "time_script": 212.59046936035156,
  "token_script": 51780,
  "time_assessment": 158.39956378936768,
  "token_assessment": 37482
}