{
  "time_slides": 242.55293488502502,
  "token_slides": 66811,
  "time_script": 187.89434599876404,
  "token_script": 50011,
  "time_assessment": 131.7973074913025,
  "token_assessment": 36429
}