{
  "time_slides": 365.62736916542053,
  "token_slides": 68634,
  "time_script": 263.76928997039795,
  "token_script": 51847,
  "time_assessment": 196.97038555145264,
  "token_assessment": 36638
}