{
  "time_slides": 314.14338541030884,
  "token_slides": 67850,
  "time_script": 236.76902508735657,
  "token_script": 52441,
  "time_assessment": 166.03225827217102,
  "token_assessment": 37262
}