{
  "time_slides": 338.75614309310913,
  "token_slides": 70303,
  "time_script": 228.57535004615784,
  "token_script": 53342,
  "time_assessment": 152.60602068901062,
  "token_assessment": 37869
}