{
  "time_slides": 336.82823300361633,
  "token_slides": 67849,
  "time_script": 224.8389811515808,
  "token_script": 50892,
  "time_assessment": 157.2373354434967,
  "token_assessment": 36445
}