{
  "time_slides": 289.2313196659088,
  "token_slides": 68767,
  "time_script": 223.3669147491455,
  "token_script": 53640,
  "time_assessment": 139.29217910766602,
  "token_assessment": 36966
}