{
  "time_slides": 501.2483594417572,
  "token_slides": 63023,
  "time_script": 364.73923420906067,
  "token_script": 50716,
  "time_assessment": 243.05368328094482,
  "token_assessment": 33805
}