{
  "time_slides": 295.00611996650696,
  "token_slides": 62589,
  "time_script": 239.5762014389038,
  "token_script": 47600,
  "time_assessment": 126.08074116706848,
  "token_assessment": 31108
}