{
  "time_slides": 516.6012501716614,
  "token_slides": 62724,
  "time_script": 377.335164308548,
  "token_script": 50358,
  "time_assessment": 247.19231414794922,
  "token_assessment": 33929
}