{
  "time_slides": 206.70535278320312,
  "token_slides": 48425,
  "time_script": 129.87469172477722,
  "token_script": 33844,
  "time_assessment": 82.64504528045654,
  "token_assessment": 22694
}