{
  "time_slides": 199.08923411369324,
  "token_slides": 41976,
  "time_script": 138.41945242881775,
  "token_script": 28227,
  "time_assessment": 100.95421075820923,
  "token_assessment": 20731
}