{
  "time_slides": 382.2416002750397,
  "token_slides": 56627,
  "time_script": 282.8124747276306,
  "token_script": 44272,
  "time_assessment": 199.24112248420715,
  "token_assessment": 31611
}