{
  "time_slides": 270.2902081012726,
  "token_slides": 42962,
  "time_script": 159.928715467453,
  "token_script": 29295,
  "time_assessment": 127.92895340919495,
  "token_assessment": 19341
}