{
  "time_slides": 205.8315486907959,
  "token_slides": 45601,
  "time_script": 153.38881659507751,
  "token_script": 33201,
  "time_assessment": 100.39101362228394,
  "token_assessment": 22469
}