{
  "time_slides": 502.81960272789,
  "token_slides": 70695,
  "time_script": 383.09673500061035,
  "token_script": 53936,
  "time_assessment": 242.46409511566162,
  "token_assessment": 38138
}