{
  "time_slides": 311.77602219581604,
  "token_slides": 70949,
  "time_script": 204.02616572380066,
  "token_script": 53977,
  "time_assessment": 138.10873866081238,
  "token_assessment": 36938
}