{
  "time_slides": 370.3758566379547,
  "token_slides": 69942,
  "time_script": 244.1745729446411,
  "token_script": 54171,
  "time_assessment": 168.88102173805237,
  "token_assessment": 37665
}