{
  "time_slides": 333.00946164131165,
  "token_slides": 36365,
  "time_script": 213.56927943229675,
  "token_script": 29078,
  "time_assessment": 161.97836470603943,
  "token_assessment": 20621
}