{
  "time_slides": 195.45475554466248,
  "token_slides": 52723,
  "time_script": 136.325457572937,
  "token_script": 37571,
  "time_assessment": 96.03702020645142,
  "token_assessment": 25923
}