{
  "time_slides": 246.39482045173645,
  "token_slides": 63938,
  "time_script": 178.507550239563,
  "token_script": 47889,
  "time_assessment": 141.67411994934082,
  "token_assessment": 33696
}