{
  "time_slides": 535.7725031375885,
  "token_slides": 67348,
  "time_script": 360.7845079898834,
  "token_script": 51517,
  "time_assessment": 259.0213723182678,
  "token_assessment": 36500
}