{
  "time_slides": 266.5764002799988,
  "token_slides": 38013,
  "time_script": 199.5822901725769,
  "token_script": 29681,
  "time_assessment": 145.3870017528534,
  "token_assessment": 20862
}