{
  "time_slides": 189.2485601902008,
  "token_slides": 44422,
  "time_script": 139.60015201568604,
  "token_script": 30790,
  "time_assessment": 105.29239797592163,
  "token_assessment": 21489
}