{
  "time_slides": 311.10272121429443,
  "token_slides": 68583,
  "time_script": 225.96233296394348,
  "token_script": 51577,
  "time_assessment": 154.3529257774353,
  "token_assessment": 36643
}