{
  "time_slides": 308.73413157463074,
  "token_slides": 69400,
  "time_script": 211.775128364563,
  "token_script": 53591,
  "time_assessment": 143.36359119415283,
  "token_assessment": 36348
}