{
  "time_slides": 312.9255633354187,
  "token_slides": 39821,
  "time_script": 208.05796241760254,
  "token_script": 31671,
  "time_assessment": 143.4814417362213,
  "token_assessment": 22112
}