{
  "time_slides": 303.52190709114075,
  "token_slides": 71835,
  "time_script": 217.02312350273132,
  "token_script": 54747,
  "time_assessment": 156.09555411338806,
  "token_assessment": 37508
}