{
  "time_slides": 224.39916849136353,
  "token_slides": 57688,
  "time_script": 163.76364755630493,
  "token_script": 42166,
  "time_assessment": 99.4846670627594,
  "token_assessment": 28216
}