{
  "time_slides": 400.2246150970459,
  "token_slides": 57515,
  "time_script": 307.7887179851532,
  "token_script": 43909,
  "time_assessment": 205.3485391139984,
  "token_assessment": 27946
}