{
  "time_slides": 432.8918981552124,
  "token_slides": 63336,
  "time_script": 334.8556880950928,
  "token_script": 50363,
  "time_assessment": 207.9088306427002,
  "token_assessment": 33557
}