{
  "time_slides": 288.69163846969604,
  "token_slides": 71939,
  "time_script": 216.63189959526062,
  "token_script": 52026,
  "time_assessment": 144.38044691085815,
  "token_assessment": 35720
}