{
  "time_slides": 175.54476928710938,
  "token_slides": 35255,
  "time_script": 139.4068260192871,
  "token_script": 22584,
  "time_assessment": 93.98355031013489,
  "token_assessment": 16214
}