{
  "time_slides": 300.8176169395447,
  "token_slides": 38015,
  "time_script": 223.52782893180847,
  "token_script": 31398,
  "time_assessment": 152.6879596710205,
  "token_assessment": 20449
}