{
  "time_slides": 230.92822003364563,
  "token_slides": 47122,
  "time_script": 159.27056860923767,
  "token_script": 33986,
  "time_assessment": 105.81966376304626,
  "token_assessment": 22665
}