{
  "time_slides": 179.25538206100464,
  "token_slides": 47020,
  "time_script": 127.63013243675232,
  "token_script": 32953,
  "time_assessment": 78.75335693359375,
  "token_assessment": 22151
}