{
  "time_slides": 326.3076286315918,
  "token_slides": 44643,
  "time_script": 205.02674102783203,
  "token_script": 31140,
  "time_assessment": 158.85167288780212,
  "token_assessment": 22251
}