{
  "time_slides": 208.6585636138916,
  "token_slides": 50592,
  "time_script": 136.01332545280457,
  "token_script": 33432,
  "time_assessment": 95.36678004264832,
  "token_assessment": 24244
}