{
  "time_slides": 302.05675768852234,
  "token_slides": 40687,
  "time_script": 228.11445808410645,
  "token_script": 32094,
  "time_assessment": 172.3754804134369,
  "token_assessment": 21403
}