{
  "time_slides": 271.7839250564575,
  "token_slides": 39916,
  "time_script": 185.93779110908508,
  "token_script": 31115,
  "time_assessment": 134.96066164970398,
  "token_assessment": 21983
}