{
  "time_slides": 286.8891270160675,
  "token_slides": 39823,
  "time_script": 205.40877270698547,
  "token_script": 31083,
  "time_assessment": 144.9680163860321,
  "token_assessment": 20982
}