{
  "time_slides": 225.75603675842285,
  "token_slides": 37579,
  "time_script": 171.51751136779785,
  "token_script": 28691,
  "time_assessment": 119.1371967792511,
  "token_assessment": 19869
}