{
  "time_slides": 261.7721936702728,
  "token_slides": 36187,
  "time_script": 188.00923919677734,
  "token_script": 28404,
  "time_assessment": 137.02073979377747,
  "token_assessment": 19875
}