{
  "time_slides": 269.2596046924591,
  "token_slides": 39178,
  "time_script": 202.13426423072815,
  "token_script": 30194,
  "time_assessment": 135.4532072544098,
  "token_assessment": 20938
}