{
  "time_slides": 256.2384612560272,
  "token_slides": 37602,
  "time_script": 173.10894298553467,
  "token_script": 29336,
  "time_assessment": 120.18081426620483,
  "token_assessment": 20049
}