{
  "time_slides": 344.0113615989685,
  "token_slides": 41055,
  "time_script": 237.2531816959381,
  "token_script": 32709,
  "time_assessment": 153.00210571289062,
  "token_assessment": 22012
}