{
  "time_slides": 281.6599712371826,
  "token_slides": 41225,
  "time_script": 171.95971846580505,
  "token_script": 30764,
  "time_assessment": 151.25097584724426,
  "token_assessment": 21575
}