{
  "time_slides": 258.48459792137146,
  "token_slides": 40851,
  "time_script": 183.82310009002686,
  "token_script": 32123,
  "time_assessment": 125.91537666320801,
  "token_assessment": 21669
}