{
  "time_slides": 247.11001253128052,
  "token_slides": 38491,
  "time_script": 193.7243390083313,
  "token_script": 30287,
  "time_assessment": 121.08057737350464,
  "token_assessment": 20220
}