{
  "time_slides": 239.90785670280457,
  "token_slides": 38328,
  "time_script": 172.34590935707092,
  "token_script": 29124,
  "time_assessment": 127.10907030105591,
  "token_assessment": 20654
}