{
  "time_slides": 283.56523513793945,
  "token_slides": 41386,
  "time_script": 197.8318395614624,
  "token_script": 33343,
  "time_assessment": 127.6694815158844,
  "token_assessment": 22132
}