{
  "time_slides": 230.2153615951538,
  "token_slides": 38145,
  "time_script": 171.16293954849243,
  "token_script": 29479,
  "time_assessment": 111.40936756134033,
  "token_assessment": 20404
}