{
  "time_slides": 310.30568647384644,
  "token_slides": 40962,
  "time_script": 221.2049343585968,
  "token_script": 30272,
  "time_assessment": 141.54161286354065,
  "token_assessment": 21159
}