{
  "time_slides": 305.7449481487274,
  "token_slides": 41117,
  "time_script": 200.9185118675232,
  "token_script": 31780,
  "time_assessment": 133.49706196784973,
  "token_assessment": 21278
}