{
  "time_slides": 286.20322489738464,
  "token_slides": 39096,
  "time_script": 195.75600266456604,
  "token_script": 30677,
  "time_assessment": 149.51244950294495,
  "token_assessment": 20784
}