{
  "time_slides": 292.75030040740967,
  "token_slides": 42885,
  "time_script": 198.25807428359985,
  "token_script": 34677,
  "time_assessment": 133.93227410316467,
  "token_assessment": 22461
}