{
  "time_slides": 99.87328577041626,
  "token_slides": 16709,
  "time_script": 68.6040506362915,
  "token_script": 9212,
  "time_assessment": 51.404730796813965,
  "token_assessment": 6513
}