{
  "time_slides": 277.1185405254364,
  "token_slides": 40700,
  "time_script": 197.79040694236755,
  "token_script": 31686,
  "time_assessment": 140.72365140914917,
  "token_assessment": 21442
}