{
  "time_slides": 260.6709313392639,
  "token_slides": 37614,
  "time_script": 195.53493738174438,
  "token_script": 28964,
  "time_assessment": 128.48851013183594,
  "token_assessment": 19712
}