{
  "time_slides": 257.2893214225769,
  "token_slides": 39831,
  "time_script": 203.7130274772644,
  "token_script": 32227,
  "time_assessment": 139.9026575088501,
  "token_assessment": 21937
}