{
  "time_slides": 277.44875168800354,
  "token_slides": 41058,
  "time_script": 218.727694272995,
  "token_script": 31915,
  "time_assessment": 133.28448581695557,
  "token_assessment": 21974
}