{
  "time_slides": 318.1178517341614,
  "token_slides": 43407,
  "time_script": 207.383052110672,
  "token_script": 33989,
  "time_assessment": 171.45703840255737,
  "token_assessment": 22569
}