{
  "time_slides": 222.3887209892273,
  "token_slides": 47186,
  "time_script": 154.4045433998108,
  "token_script": 34070,
  "time_assessment": 119.53032851219177,
  "token_assessment": 24221
}