{
  "time_slides": 190.51763010025024,
  "token_slides": 44304,
  "time_script": 154.51573276519775,
  "token_script": 31299,
  "time_assessment": 90.0563576221466,
  "token_assessment": 21562
}