{
  "time_slides": 347.427081823349,
  "token_slides": 68951,
  "time_script": 254.7682056427002,
  "token_script": 52729,
  "time_assessment": 154.8701150417328,
  "token_assessment": 36579
}