{
  "time_slides": 207.55144810676575,
  "token_slides": 46886,
  "time_script": 150.384126663208,
  "token_script": 33499,
  "time_assessment": 109.09343314170837,
  "token_assessment": 22901
}