{
  "time_slides": 181.7407305240631,
  "token_slides": 43141,
  "time_script": 128.79326248168945,
  "token_script": 29552,
  "time_assessment": 85.0863094329834,
  "token_assessment": 21216
}