{
  "time_slides": 210.74714136123657,
  "token_slides": 47379,
  "time_script": 145.01104068756104,
  "token_script": 33495,
  "time_assessment": 105.01071691513062,
  "token_assessment": 24398
}