{
  "time_slides": 280.4875786304474,
  "token_slides": 58270,
  "time_script": 207.1827051639557,
  "token_script": 44362,
  "time_assessment": 134.33385610580444,
  "token_assessment": 29767
}