{
  "time_slides": 213.6871063709259,
  "token_slides": 48686,
  "time_script": 149.1989152431488,
  "token_script": 34970,
  "time_assessment": 94.37801241874695,
  "token_assessment": 23918
}