{
  "time_slides": 238.35239934921265,
  "token_slides": 50467,
  "time_script": 167.82577800750732,
  "token_script": 36871,
  "time_assessment": 105.82984805107117,
  "token_assessment": 24611
}