{
  "time_slides": 226.97917795181274,
  "token_slides": 49217,
  "time_script": 144.81295156478882,
  "token_script": 34390,
  "time_assessment": 100.26392960548401,
  "token_assessment": 23844
}