{
  "time_slides": 277.59466671943665,
  "token_slides": 58191,
  "time_script": 216.91363286972046,
  "token_script": 43229,
  "time_assessment": 120.4130265712738,
  "token_assessment": 29671
}