{
  "time_slides": 260.19268584251404,
  "token_slides": 58734,
  "time_script": 188.6937644481659,
  "token_script": 42889,
  "time_assessment": 133.68783807754517,
  "token_assessment": 31952
}