{
  "time_slides": 199.15520405769348,
  "token_slides": 43583,
  "time_script": 140.50161862373352,
  "token_script": 29676,
  "time_assessment": 89.29004836082458,
  "token_assessment": 21492
}