{
  "time_slides": 268.20585203170776,
  "token_slides": 54835,
  "time_script": 183.37657475471497,
  "token_script": 41582,
  "time_assessment": 128.33876609802246,
  "token_assessment": 28571
}