{
  "time_slides": 83.6032304763794,
  "token_slides": 21740,
  "time_script": 45.95904755592346,
  "token_script": 9803,
  "time_assessment": 37.39155602455139,
  "token_assessment": 7184
}