{
  "time_slides": 228.80311846733093,
  "token_slides": 47288,
  "time_script": 149.48586893081665,
  "token_script": 32034,
  "time_assessment": 118.56225180625916,
  "token_assessment": 23319
}