{
  "time_slides": 214.04594683647156,
  "token_slides": 44073,
  "time_script": 131.35797572135925,
  "token_script": 31086,
  "time_assessment": 90.46541571617126,
  "token_assessment": 21413
}