{
  "time_slides": 255.50287675857544,
  "token_slides": 55127,
  "time_script": 191.44861435890198,
  "token_script": 40575,
  "time_assessment": 134.99658012390137,
  "token_assessment": 29261
}