{
  "time_slides": 203.99667024612427,
  "token_slides": 43509,
  "time_script": 139.9880633354187,
  "token_script": 29691,
  "time_assessment": 90.32694840431213,
  "token_assessment": 21168
}