{
  "time_slides": 161.81549429893494,
  "token_slides": 40059,
  "time_script": 119.6659791469574,
  "token_script": 27131,
  "time_assessment": 95.9098527431488,
  "token_assessment": 18855
}