{
  "time_slides": 207.28205680847168,
  "token_slides": 46516,
  "time_script": 149.07359528541565,
  "token_script": 32438,
  "time_assessment": 101.54089856147766,
  "token_assessment": 22986
}