{
  "time_slides": 348.7038896083832,
  "token_slides": 67252,
  "time_script": 245.71093606948853,
  "token_script": 51422,
  "time_assessment": 166.98293495178223,
  "token_assessment": 36079
}