{
  "time_slides": 244.84940648078918,
  "token_slides": 48816,
  "time_script": 155.01574993133545,
  "token_script": 34803,
  "time_assessment": 93.16232085227966,
  "token_assessment": 23208
}