{
  "time_slides": 241.65236735343933,
  "token_slides": 51046,
  "time_script": 189.29832458496094,
  "token_script": 38441,
  "time_assessment": 119.07336592674255,
  "token_assessment": 25828
}