{
  "time_slides": 262.6859447956085,
  "token_slides": 58719,
  "time_script": 210.34367895126343,
  "token_script": 43587,
  "time_assessment": 129.14399313926697,
  "token_assessment": 30655
}