{
  "time_slides": 271.04823446273804,
  "token_slides": 55757,
  "time_script": 186.33730912208557,
  "token_script": 40539,
  "time_assessment": 130.39863538742065,
  "token_assessment": 28794
}