{
  "time_slides": 223.46333169937134,
  "token_slides": 47932,
  "time_script": 147.8981158733368,
  "token_script": 33535,
  "time_assessment": 100.09391164779663,
  "token_assessment": 24181
}