{
  "time_slides": 239.88346648216248,
  "token_slides": 48644,
  "time_script": 164.23393726348877,
  "token_script": 34634,
  "time_assessment": 112.28076362609863,
  "token_assessment": 22867
}