{
  "time_slides": 299.6016535758972,
  "token_slides": 69260,
  "time_script": 204.62344026565552,
  "token_script": 52089,
  "time_assessment": 142.20399689674377,
  "token_assessment": 36686
}