{
  "time_slides": 271.69896125793457,
  "token_slides": 65993,
  "time_script": 199.84634613990784,
  "token_script": 48965,
  "time_assessment": 149.97942566871643,
  "token_assessment": 35104
}