{
  "time_slides": 260.99051570892334,
  "token_slides": 40098,
  "time_script": 187.95867037773132,
  "token_script": 30848,
  "time_assessment": 137.07256317138672,
  "token_assessment": 20638
}