{
  "time_slides": 424.8986656665802,
  "token_slides": 61929,
  "time_script": 293.72378158569336,
  "token_script": 49977,
  "time_assessment": 185.06183195114136,
  "token_assessment": 33205
}