{
  "time_slides": 255.37315797805786,
  "token_slides": 37139,
  "time_script": 189.26505327224731,
  "token_script": 29568,
  "time_assessment": 143.41574573516846,
  "token_assessment": 20201
}