{
  "time_slides": 183.32495880126953,
  "token_slides": 47169,
  "time_script": 133.3823275566101,
  "token_script": 33397,
  "time_assessment": 94.02575659751892,
  "token_assessment": 23152
}