{
  "time_slides": 226.48453879356384,
  "token_slides": 58791,
  "time_script": 158.24659514427185,
  "token_script": 40263,
  "time_assessment": 114.30713367462158,
  "token_assessment": 27781
}