{
  "time_slides": 295.517142534256,
  "token_slides": 70159,
  "time_script": 217.9110381603241,
  "token_script": 54910,
  "time_assessment": 142.70596051216125,
  "token_assessment": 36611
}