{
  "time_slides": 248.68364572525024,
  "token_slides": 36971,
  "time_script": 177.14931774139404,
  "token_script": 28016,
  "time_assessment": 139.8290731906891,
  "token_assessment": 20451
}