{
  "time_slides": 516.2157576084137,
  "token_slides": 59072,
  "time_script": 380.3174047470093,
  "token_script": 46258,
  "time_assessment": 262.28810024261475,
  "token_assessment": 31651
}