{
  "time_slides": 407.4028820991516,
  "token_slides": 62687,
  "time_script": 284.35085797309875,
  "token_script": 49163,
  "time_assessment": 187.40025520324707,
  "token_assessment": 32679
}