{
  "time_slides": 416.7743179798126,
  "token_slides": 64183,
  "time_script": 300.74573826789856,
  "token_script": 52039,
  "time_assessment": 203.41782879829407,
  "token_assessment": 35182
}