{
  "time_slides": 465.602783203125,
  "token_slides": 60093,
  "time_script": 357.5357391834259,
  "token_script": 48098,
  "time_assessment": 246.3375415802002,
  "token_assessment": 33050
}