{
  "time_slides": 437.0766305923462,
  "token_slides": 60847,
  "time_script": 287.45483136177063,
  "token_script": 49680,
  "time_assessment": 195.69573092460632,
  "token_assessment": 33023
}