{
  "time_slides": 413.63881635665894,
  "token_slides": 64619,
  "time_script": 297.7534120082855,
  "token_script": 51367,
  "time_assessment": 196.44201803207397,
  "token_assessment": 35260
}