{
  "time_slides": 420.022673368454,
  "token_slides": 64404,
  "time_script": 303.584210395813,
  "token_script": 52851,
  "time_assessment": 188.30293941497803,
  "token_assessment": 32609
}