{
  "time_slides": 384.34797406196594,
  "token_slides": 64241,
  "time_script": 306.3713221549988,
  "token_script": 51574,
  "time_assessment": 205.2628734111786,
  "token_assessment": 35323
}