{
  "time_slides": 545.7033846378326,
  "token_slides": 63143,
  "time_script": 390.3268873691559,
  "token_script": 50818,
  "time_assessment": 247.08775997161865,
  "token_assessment": 32605
}