{
  "time_slides": 399.411226272583,
  "token_slides": 62346,
  "time_script": 298.61667132377625,
  "token_script": 51100,
  "time_assessment": 196.06529808044434,
  "token_assessment": 32562
}