{
  "time_slides": 441.8351905345917,
  "token_slides": 65901,
  "time_script": 334.43564224243164,
  "token_script": 54325,
  "time_assessment": 178.67528462409973,
  "token_assessment": 34880
}