{
  "time_slides": 389.6391222476959,
  "token_slides": 62204,
  "time_script": 301.3396587371826,
  "token_script": 51413,
  "time_assessment": 209.44169402122498,
  "token_assessment": 34550
}