{
  "time_slides": 374.2076826095581,
  "token_slides": 58258,
  "time_script": 280.7488794326782,
  "token_script": 46245,
  "time_assessment": 185.94176125526428,
  "token_assessment": 31862
}