{
  "time_slides": 358.29423427581787,
  "token_slides": 63440,
  "time_script": 261.89253997802734,
  "token_script": 51749,
  "time_assessment": 170.85740566253662,
  "token_assessment": 34282
}