{
  "time_slides": 452.9792711734772,
  "token_slides": 60551,
  "time_script": 339.1628489494324,
  "token_script": 48816,
  "time_assessment": 233.68509483337402,
  "token_assessment": 33577
}