{
  "time_slides": 346.3363878726959,
  "token_slides": 64054,
  "time_script": 242.41673398017883,
  "token_script": 50774,
  "time_assessment": 168.58167839050293,
  "token_assessment": 35865
}