{
  "time_slides": 358.36952924728394,
  "token_slides": 59705,
  "time_script": 267.3763437271118,
  "token_script": 47327,
  "time_assessment": 200.3680989742279,
  "token_assessment": 33220
}