{
  "time_slides": 390.4710838794708,
  "token_slides": 47656,
  "time_script": 308.44043254852295,
  "token_script": 33453,
  "time_assessment": 216.95946717262268,
  "token_assessment": 22638
}