{
  "time_slides": 222.94682431221008,
  "token_slides": 46248,
  "time_script": 162.33317255973816,
  "token_script": 32010,
  "time_assessment": 97.9681761264801,
  "token_assessment": 22605
}