{
  "time_slides": 284.4716098308563,
  "token_slides": 57548,
  "time_script": 189.12434458732605,
  "token_script": 42548,
  "time_assessment": 130.9509482383728,
  "token_assessment": 29649
}