{
  "time_slides": 346.9895348548889,
  "token_slides": 68044,
  "time_script": 242.6825306415558,
  "token_script": 52231,
  "time_assessment": 164.46293687820435,
  "token_assessment": 36900
}