{
  "time_slides": 324.48261308670044,
  "token_slides": 68286,
  "time_script": 242.9871575832367,
  "token_script": 52145,
  "time_assessment": 168.65984272956848,
  "token_assessment": 38290
}