{
  "time_slides": 233.54933166503906,
  "token_slides": 52886,
  "time_script": 168.23020958900452,
  "token_script": 38219,
  "time_assessment": 126.19369959831238,
  "token_assessment": 26455
}