{
  "time_slides": 193.42150688171387,
  "token_slides": 43808,
  "time_script": 120.40144348144531,
  "token_script": 29634,
  "time_assessment": 104.65391445159912,
  "token_assessment": 20305
}