{
  "time_slides": 233.7659785747528,
  "token_slides": 51579,
  "time_script": 180.1401002407074,
  "token_script": 36081,
  "time_assessment": 127.81918978691101,
  "token_assessment": 26857
}