{
  "time_slides": 155.75812411308289,
  "token_slides": 38094,
  "time_script": 106.09592866897583,
  "token_script": 24518,
  "time_assessment": 90.91023540496826,
  "token_assessment": 17211
}