{
  "time_slides": 228.50554013252258,
  "token_slides": 46625,
  "time_script": 146.2586817741394,
  "token_script": 32062,
  "time_assessment": 100.90416240692139,
  "token_assessment": 21733
}