{
  "time_slides": 204.86995887756348,
  "token_slides": 45665,
  "time_script": 158.74057626724243,
  "token_script": 32758,
  "time_assessment": 106.61164236068726,
  "token_assessment": 22128
}