{
  "time_slides": 312.8465299606323,
  "token_slides": 62199,
  "time_script": 214.6406910419464,
  "token_script": 47038,
  "time_assessment": 152.14476418495178,
  "token_assessment": 33104
}