{
  "time_slides": 240.42232036590576,
  "token_slides": 49209,
  "time_script": 170.36618852615356,
  "token_script": 33999,
  "time_assessment": 112.20894932746887,
  "token_assessment": 23133
}