{
  "time_slides": 235.82843899726868,
  "token_slides": 52845,
  "time_script": 176.1083278656006,
  "token_script": 38357,
  "time_assessment": 107.35250115394592,
  "token_assessment": 26406
}