{
  "time_slides": 204.72381615638733,
  "token_slides": 46657,
  "time_script": 145.63221144676208,
  "token_script": 32910,
  "time_assessment": 101.82553458213806,
  "token_assessment": 23138
}