{
  "time_slides": 196.80393838882446,
  "token_slides": 42866,
  "time_script": 141.9643681049347,
  "token_script": 29245,
  "time_assessment": 96.9535710811615,
  "token_assessment": 21226
}