{
  "time_slides": 294.23377561569214,
  "token_slides": 39224,
  "time_script": 203.27522134780884,
  "token_script": 32017,
  "time_assessment": 131.19822192192078,
  "token_assessment": 20734
}