{
  "time_slides": 233.59604859352112,
  "token_slides": 35478,
  "time_script": 187.04170536994934,
  "token_script": 27913,
  "time_assessment": 130.39258551597595,
  "token_assessment": 20552
}