{
  "time_slides": 142.32427263259888,
  "token_slides": 37594,
  "time_script": 102.56518816947937,
  "token_script": 26123,
  "time_assessment": 64.39386105537415,
  "token_assessment": 17656
}