{
  "time_slides": 323.8268003463745,
  "token_slides": 39813,
  "time_script": 229.5578315258026,
  "token_script": 31193,
  "time_assessment": 147.55673956871033,
  "token_assessment": 20496
}