{
  "time_slides": 323.76719307899475,
  "token_slides": 77545,
  "time_script": 236.21160459518433,
  "token_script": 56975,
  "time_assessment": 156.60830211639404,
  "token_assessment": 38814
}