{
  "time_slides": 213.6978919506073,
  "token_slides": 56033,
  "time_script": 178.37658786773682,
  "token_script": 41148,
  "time_assessment": 106.17480945587158,
  "token_assessment": 27968
}