{
  "time_slides": 207.0071132183075,
  "token_slides": 43006,
  "time_script": 124.3526759147644,
  "token_script": 28977,
  "time_assessment": 92.0645043849945,
  "token_assessment": 19952
}