{
  "time_slides": 263.734543800354,
  "token_slides": 54613,
  "time_script": 194.8669581413269,
  "token_script": 40020,
  "time_assessment": 136.2523386478424,
  "token_assessment": 28784
}