{
  "time_slides": 216.01584911346436,
  "token_slides": 47274,
  "time_script": 147.6127290725708,
  "token_script": 33770,
  "time_assessment": 92.73221492767334,
  "token_assessment": 22912
}