{
  "time_slides": 160.3016574382782,
  "token_slides": 37231,
  "time_script": 104.70632219314575,
  "token_script": 23636,
  "time_assessment": 88.50197696685791,
  "token_assessment": 18024
}