{
  "time_slides": 227.68053150177002,
  "token_slides": 47147,
  "time_script": 138.7828986644745,
  "token_script": 32418,
  "time_assessment": 101.0714659690857,
  "token_assessment": 23038
}