{
  "time_slides": 217.3811902999878,
  "token_slides": 44992,
  "time_script": 150.27094149589539,
  "token_script": 30677,
  "time_assessment": 100.05192184448242,
  "token_assessment": 22778
}