{
  "time_slides": 347.4465551376343,
  "token_slides": 65552,
  "time_script": 253.77207469940186,
  "token_script": 50906,
  "time_assessment": 163.95658373832703,
  "token_assessment": 35330
}