{
  "time_slides": 281.56500363349915,
  "token_slides": 60551,
  "time_script": 222.87368440628052,
  "token_script": 44569,
  "time_assessment": 142.9000322818756,
  "token_assessment": 32147
}