{
  "time_slides": 213.25092124938965,
  "token_slides": 47076,
  "time_script": 156.33835458755493,
  "token_script": 33070,
  "time_assessment": 119.32515621185303,
  "token_assessment": 22963
}