{
  "time_slides": 184.30951499938965,
  "token_slides": 40769,
  "time_script": 117.16326475143433,
  "token_script": 26924,
  "time_assessment": 92.05031871795654,
  "token_assessment": 19085
}