{
  "time_slides": 196.82814931869507,
  "token_slides": 43928,
  "time_script": 148.25987911224365,
  "token_script": 30508,
  "time_assessment": 105.35113072395325,
  "token_assessment": 21740
}