{
  "time_slides": 281.4639587402344,
  "token_slides": 58734,
  "time_script": 187.92838191986084,
  "token_script": 42367,
  "time_assessment": 122.61851859092712,
  "token_assessment": 30056
}