{
  "time_slides": 222.87529158592224,
  "token_slides": 50113,
  "time_script": 153.0894422531128,
  "token_script": 36600,
  "time_assessment": 108.43139910697937,
  "token_assessment": 26407
}