{
  "time_slides": 165.04609870910645,
  "token_slides": 41961,
  "time_script": 103.81596779823303,
  "token_script": 26346,
  "time_assessment": 71.87813520431519,
  "token_assessment": 18599
}