{
  "time_slides": 314.358216047287,
  "token_slides": 61950,
  "time_script": 218.62677025794983,
  "token_script": 47780,
  "time_assessment": 140.99231553077698,
  "token_assessment": 32594
}