{
  "time_slides": 278.22957611083984,
  "token_slides": 54272,
  "time_script": 191.3592426776886,
  "token_script": 40972,
  "time_assessment": 132.25920605659485,
  "token_assessment": 28490
}