{
  "time_slides": 264.6749119758606,
  "token_slides": 53801,
  "time_script": 174.47034573554993,
  "token_script": 39770,
  "time_assessment": 123.30683636665344,
  "token_assessment": 27343
}