{
  "time_slides": 206.0839388370514,
  "token_slides": 45022,
  "time_script": 138.6956443786621,
  "token_script": 31754,
  "time_assessment": 97.14838647842407,
  "token_assessment": 22776
}