{
  "time_slides": 273.58220767974854,
  "token_slides": 57237,
  "time_script": 212.70395588874817,
  "token_script": 43074,
  "time_assessment": 138.19792890548706,
  "token_assessment": 29702
}