{
  "time_slides": 256.61689853668213,
  "token_slides": 50692,
  "time_script": 181.67353296279907,
  "token_script": 37509,
  "time_assessment": 114.43660640716553,
  "token_assessment": 25975
}