{
  "time_slides": 223.4931344985962,
  "token_slides": 47024,
  "time_script": 162.858656167984,
  "token_script": 33787,
  "time_assessment": 102.78918218612671,
  "token_assessment": 23218
}