{
  "time_slides": 238.97578406333923,
  "token_slides": 45014,
  "time_script": 146.40589594841003,
  "token_script": 31400,
  "time_assessment": 112.67151379585266,
  "token_assessment": 22787
}