{
  "time_slides": 196.26460480690002,
  "token_slides": 45629,
  "time_script": 135.2894697189331,
  "token_script": 31937,
  "time_assessment": 96.75299119949341,
  "token_assessment": 21284
}