{
  "time_slides": 214.95750260353088,
  "token_slides": 46370,
  "time_script": 180.3001663684845,
  "token_script": 34025,
  "time_assessment": 119.99211978912354,
  "token_assessment": 23428
}