{
  "time_slides": 199.7585310935974,
  "token_slides": 46444,
  "time_script": 185.28921627998352,
  "token_script": 33173,
  "time_assessment": 107.3177227973938,
  "token_assessment": 24013
}