{
  "time_slides": 236.35628151893616,
  "token_slides": 50430,
  "time_script": 193.7797634601593,
  "token_script": 36736,
  "time_assessment": 124.96205306053162,
  "token_assessment": 26465
}