{
  "time_slides": 253.3206729888916,
  "token_slides": 53544,
  "time_script": 183.20906019210815,
  "token_script": 39502,
  "time_assessment": 125.11434650421143,
  "token_assessment": 27225
}