{
  "time_slides": 249.0723900794983,
  "token_slides": 54014,
  "time_script": 181.35565972328186,
  "token_script": 39039,
  "time_assessment": 126.72862553596497,
  "token_assessment": 28003
}