{
  "time_slides": 287.0074231624603,
  "token_slides": 37513,
  "time_script": 187.53249287605286,
  "token_script": 30104,
  "time_assessment": 145.77859258651733,
  "token_assessment": 20518
}