{
  "time_slides": 268.6831064224243,
  "token_slides": 37367,
  "time_script": 225.39878153800964,
  "token_script": 30400,
  "time_assessment": 137.79743933677673,
  "token_assessment": 19820
}