{
  "time_slides": 500.1276879310608,
  "token_slides": 65522,
  "time_script": 373.1454062461853,
  "token_script": 52986,
  "time_assessment": 249.06893157958984,
  "token_assessment": 34539
}