{
  "time_slides": 333.4907772541046,
  "token_slides": 68604,
  "time_script": 244.5017533302307,
  "token_script": 54578,
  "time_assessment": 162.9587061405182,
  "token_assessment": 37544
}