{
  "time_slides": 124.2468810081482,
  "token_slides": 37019,
  "time_script": 92.84523820877075,
  "token_script": 24666,
  "time_assessment": 66.42487072944641,
  "token_assessment": 18026
}