{
  "time_slides": 274.2469186782837,
  "token_slides": 38104,
  "time_script": 193.5189392566681,
  "token_script": 31167,
  "time_assessment": 130.63686203956604,
  "token_assessment": 20951
}