{
  "time_slides": 197.9566011428833,
  "token_slides": 51865,
  "time_script": 141.63495135307312,
  "token_script": 37527,
  "time_assessment": 94.71394896507263,
  "token_assessment": 25925
}