{
  "time_slides": 330.2661645412445,
  "token_slides": 40321,
  "time_script": 235.74919486045837,
  "token_script": 31241,
  "time_assessment": 149.37396144866943,
  "token_assessment": 21678
}