{
  "time_slides": 313.530720949173,
  "token_slides": 68511,
  "time_script": 193.8036081790924,
  "token_script": 50469,
  "time_assessment": 152.71638250350952,
  "token_assessment": 36248
}