{
  "time_slides": 483.2451012134552,
  "token_slides": 62798,
  "time_script": 381.754319190979,
  "token_script": 50966,
  "time_assessment": 217.387877702713,
  "token_assessment": 33356
}