{
  "time_slides": 530.6802215576172,
  "token_slides": 67675,
  "time_script": 384.70371532440186,
  "token_script": 51768,
  "time_assessment": 245.7350513935089,
  "token_assessment": 34888
}