{
  "time_slides": 261.26468300819397,
  "token_slides": 40287,
  "time_script": 214.6804714202881,
  "token_script": 31765,
  "time_assessment": 134.02917623519897,
  "token_assessment": 20454
}