{
  "time_slides": 227.2170615196228,
  "token_slides": 38161,
  "time_script": 187.38750958442688,
  "token_script": 30556,
  "time_assessment": 121.22378921508789,
  "token_assessment": 20203
}