{
  "time_slides": 320.64514207839966,
  "token_slides": 41433,
  "time_script": 238.34881448745728,
  "token_script": 32812,
  "time_assessment": 145.1612832546234,
  "token_assessment": 20658
}