{
  "time_slides": 231.9740171432495,
  "token_slides": 37337,
  "time_script": 189.0602343082428,
  "token_script": 28375,
  "time_assessment": 124.55466103553772,
  "token_assessment": 19861
}