{
  "time_slides": 299.31069588661194,
  "token_slides": 40327,
  "time_script": 205.35871624946594,
  "token_script": 30314,
  "time_assessment": 137.9648540019989,
  "token_assessment": 21130
}