{
  "time_slides": 261.6797065734863,
  "token_slides": 39259,
  "time_script": 206.55038595199585,
  "token_script": 30908,
  "time_assessment": 122.96108388900757,
  "token_assessment": 20695
}