{
  "time_slides": 270.8248405456543,
  "token_slides": 38750,
  "time_script": 211.1054563522339,
  "token_script": 30606,
  "time_assessment": 124.73056936264038,
  "token_assessment": 20089
}