{
  "time_slides": 250.3022801876068,
  "token_slides": 38959,
  "time_script": 169.31879830360413,
  "token_script": 30267,
  "time_assessment": 124.85309767723083,
  "token_assessment": 20266
}