{
  "time_slides": 285.85097765922546,
  "token_slides": 39731,
  "time_script": 203.74903011322021,
  "token_script": 30296,
  "time_assessment": 125.77359175682068,
  "token_assessment": 21129
}