{
  "time_slides": 303.4893672466278,
  "token_slides": 37834,
  "time_script": 184.68298387527466,
  "token_script": 28681,
  "time_assessment": 144.8383138179779,
  "token_assessment": 20467
}