{
  "time_slides": 255.46405005455017,
  "token_slides": 40112,
  "time_script": 178.38781356811523,
  "token_script": 32230,
  "time_assessment": 115.4142906665802,
  "token_assessment": 20847
}