{
  "time_slides": 258.8413419723511,
  "token_slides": 38989,
  "time_script": 190.86775302886963,
  "token_script": 31066,
  "time_assessment": 122.93971252441406,
  "token_assessment": 20966
}