{
  "time_slides": 220.3478581905365,
  "token_slides": 38151,
  "time_script": 174.74050378799438,
  "token_script": 29879,
  "time_assessment": 132.71155762672424,
  "token_assessment": 20952
}