{
  "time_slides": 261.4578080177307,
  "token_slides": 38941,
  "time_script": 221.33876371383667,
  "token_script": 30682,
  "time_assessment": 134.3762640953064,
  "token_assessment": 20537
}