{
  "time_slides": 293.5550353527069,
  "token_slides": 67168,
  "time_script": 256.1688642501831,
  "token_script": 50776,
  "time_assessment": 150.31947231292725,
  "token_assessment": 36816
}