{
  "time_slides": 180.9203817844391,
  "token_slides": 47262,
  "time_script": 124.77259111404419,
  "token_script": 31584,
  "time_assessment": 75.08782887458801,
  "token_assessment": 21023
}