{
  "time_slides": 217.260400056839,
  "token_slides": 53297,
  "time_script": 154.94862914085388,
  "token_script": 40615,
  "time_assessment": 101.4239113330841,
  "token_assessment": 26780
}