{
  "time_slides": 241.63240599632263,
  "token_slides": 36690,
  "time_script": 181.2592647075653,
  "token_script": 28935,
  "time_assessment": 116.30402326583862,
  "token_assessment": 19581
}