{
  "time_slides": 170.0868182182312,
  "token_slides": 45967,
  "time_script": 125.52066707611084,
  "token_script": 31797,
  "time_assessment": 83.26334762573242,
  "token_assessment": 22089
}