{
  "time_slides": 338.6662628650665,
  "token_slides": 65763,
  "time_script": 240.42404890060425,
  "token_script": 49525,
  "time_assessment": 171.58255910873413,
  "token_assessment": 34861
}