{
  "time_slides": 291.32353472709656,
  "token_slides": 38604,
  "time_script": 263.4875736236572,
  "token_script": 32066,
  "time_assessment": 147.73571586608887,
  "token_assessment": 21019
}