{
  "time_slides": 448.07805824279785,
  "token_slides": 60006,
  "time_script": 309.40276288986206,
  "token_script": 46258,
  "time_assessment": 209.94166731834412,
  "token_assessment": 31450
}