{
  "time_slides": 273.75898265838623,
  "token_slides": 35732,
  "time_script": 197.93080043792725,
  "token_script": 28978,
  "time_assessment": 151.1423635482788,
  "token_assessment": 19929
}