{
  "time_slides": 300.76372933387756,
  "token_slides": 71386,
  "time_script": 207.33628940582275,
  "token_script": 55881,
  "time_assessment": 139.14787602424622,
  "token_assessment": 37499
}