{
  "time_slides": 422.4683749675751,
  "token_slides": 61961,
  "time_script": 315.7831497192383,
  "token_script": 50017,
  "time_assessment": 190.24500799179077,
  "token_assessment": 33656
}