{
  "time_slides": 291.4406259059906,
  "token_slides": 37385,
  "time_script": 243.10143876075745,
  "token_script": 30505,
  "time_assessment": 165.78404068946838,
  "token_assessment": 20387
}