{
  "time_slides": 275.03967237472534,
  "token_slides": 36916,
  "time_script": 192.2374472618103,
  "token_script": 29328,
  "time_assessment": 164.32851791381836,
  "token_assessment": 20602
}