{
  "time_slides": 195.03224062919617,
  "token_slides": 47464,
  "time_script": 155.0503957271576,
  "token_script": 33167,
  "time_assessment": 89.96467781066895,
  "token_assessment": 22754
}