{
  "time_slides": 272.00020122528076,
  "token_slides": 36016,
  "time_script": 192.5446183681488,
  "token_script": 28313,
  "time_assessment": 151.7069251537323,
  "token_assessment": 20197
}