{
  "time_slides": 224.64870643615723,
  "token_slides": 44424,
  "time_script": 156.92570066452026,
  "token_script": 31547,
  "time_assessment": 99.82359099388123,
  "token_assessment": 20169
}