{
  "time_slides": 494.9413194656372,
  "token_slides": 64821,
  "time_script": 355.8841223716736,
  "token_script": 52178,
  "time_assessment": 226.46965789794922,
  "token_assessment": 35000
}