{
  "time_slides": 254.79928469657898,
  "token_slides": 38455,
  "time_script": 190.145405292511,
  "token_script": 31032,
  "time_assessment": 156.40072631835938,
  "token_assessment": 21142
}