{
  "time_slides": 248.0991086959839,
  "token_slides": 64966,
  "time_script": 183.9094216823578,
  "token_script": 48278,
  "time_assessment": 129.81440258026123,
  "token_assessment": 34697
}