{
  "time_slides": 383.7768123149872,
  "token_slides": 55274,
  "time_script": 370.0157091617584,
  "token_script": 41813,
  "time_assessment": 199.94684386253357,
  "token_assessment": 26974
}