{
  "time_slides": 152.45708560943604,
  "token_slides": 41051,
  "time_script": 105.09526538848877,
  "token_script": 26613,
  "time_assessment": 75.89294791221619,
  "token_assessment": 19709
}