{
  "time_slides": 135.16918182373047,
  "token_slides": 36968,
  "time_script": 81.78017544746399,
  "token_script": 22909,
  "time_assessment": 60.77407145500183,
  "token_assessment": 16296
}