{
  "time_slides": 220.0308187007904,
  "token_slides": 55735,
  "time_script": 159.8235468864441,
  "token_script": 38104,
  "time_assessment": 109.29092121124268,
  "token_assessment": 26659
}