{
  "time_slides": 148.82621693611145,
  "token_slides": 41308,
  "time_script": 126.02455401420593,
  "token_script": 28382,
  "time_assessment": 77.34281253814697,
  "token_assessment": 19673
}