{
  "time_slides": 288.79525446891785,
  "token_slides": 65806,
  "time_script": 202.3165204524994,
  "token_script": 49180,
  "time_assessment": 135.04284691810608,
  "token_assessment": 34975
}