{
  "time_slides": 217.9352672100067,
  "token_slides": 36426,
  "time_script": 208.17423963546753,
  "token_script": 29491,
  "time_assessment": 132.1211392879486,
  "token_assessment": 19975
}