{
  "time_slides": 289.6236922740936,
  "token_slides": 65737,
  "time_script": 205.27875971794128,
  "token_script": 48508,
  "time_assessment": 134.46199655532837,
  "token_assessment": 34154
}