{
  "time_slides": 236.73554277420044,
  "token_slides": 54806,
  "time_script": 168.62075471878052,
  "token_script": 39264,
  "time_assessment": 109.89322686195374,
  "token_assessment": 26800
}