{
  "time_slides": 518.8631212711334,
  "token_slides": 63917,
  "time_script": 371.4926724433899,
  "token_script": 52228,
  "time_assessment": 260.8278560638428,
  "token_assessment": 33537
}