{
  "time_slides": 209.79234647750854,
  "token_slides": 52914,
  "time_script": 130.2974555492401,
  "token_script": 36792,
  "time_assessment": 88.38481855392456,
  "token_assessment": 25066
}