{
  "time_slides": 284.26299953460693,
  "token_slides": 39619,
  "time_script": 198.84058117866516,
  "token_script": 32517,
  "time_assessment": 129.28047943115234,
  "token_assessment": 21299
}