{
  "time_slides": 251.44736576080322,
  "token_slides": 60603,
  "time_script": 189.76117706298828,
  "token_script": 44336,
  "time_assessment": 128.06470036506653,
  "token_assessment": 31701
}