{
  "time_slides": 380.53820157051086,
  "token_slides": 40939,
  "time_script": 236.37013220787048,
  "token_script": 31896,
  "time_assessment": 162.7868525981903,
  "token_assessment": 21565
}