{
  "time_slides": 291.05877447128296,
  "token_slides": 38402,
  "time_script": 218.95554518699646,
  "token_script": 29883,
  "time_assessment": 140.55096077919006,
  "token_assessment": 20319
}