{
  "time_slides": 271.96598744392395,
  "token_slides": 37805,
  "time_script": 259.86226511001587,
  "token_script": 30750,
  "time_assessment": 149.32396030426025,
  "token_assessment": 21291
}