{
  "time_slides": 196.86987614631653,
  "token_slides": 48537,
  "time_script": 136.5039918422699,
  "token_script": 33804,
  "time_assessment": 103.70371890068054,
  "token_assessment": 24064
}