{
  "time_slides": 286.59387397766113,
  "token_slides": 38058,
  "time_script": 250.20314621925354,
  "token_script": 31540,
  "time_assessment": 151.5251021385193,
  "token_assessment": 21249
}